feature,dissatisfaction,satisfaction,neutral,frequency
store credit,0,0,10.347503670075652,1
delivery service,0.866351096631004,1.1408303691558443,0,9
whole day,0,0.7345155351047831,0,2
poor service,0.9125555938491221,0,0,3
be prepared,2.1838944121348773,0,0,2
low pay,0.09348228366226151,0,0,1
first time,0.01672458815008573,0.9308147203917582,0,16
last time,0.5436797260375164,0.02343447094989294,1.8747576759914353,6
first order,0.3764294640925073,0.9762838989634387,0,5
store close,0.19926255335061321,0,2.656834044674843,2
same price,0.1526520007448865,0.21807428677840932,0,3
poor service,0.6018494305134817,0,0,3
be nice,0,1.8873082412697137,0,6
star review,0,0.07757105555348653,2.0685614814263076,2
re order,0.19893478951467655,0.14756151927118596,1.8363211311565202,9
have drive,0,0.9748703637029035,0,2
uber eats,0.3491408729361705,0.4777811581711117,0.8944977636697458,109
extra money,0.354517819000097,0.5825272033104696,0,2
say sorry,0.4523321115010199,0.20354945017545895,0,2
grub hub,0.20171464241056467,0.184679560882546,1.6015571675451146,17
ur food,0.2410360569747763,0.17260479422427052,1.0876549255904828,31
delivery fee,0.05456191958176797,0.13519268894211395,1.1982225464249985,23
few time,0.23238637207434765,0.2572849119750256,0,3
pizza place,0,1.3833219098095166,0,2
be careful,0.28250940879133785,0,0,3
pizza place,0,1.2680574822835922,0,2
uber eats,0.23668815746101732,0.3238954552817006,0.6063942779185824,109
have multiple,0.18899716957780652,0,1.25998113051871,2
second time,0.12508492605895763,0,1.667799014119435,6
be good,0,1.3795122871917185,0,4
re order,0.11893933314536051,0.08822423037643848,1.0979015350373253,9
confirm order,0.7966347879001187,0,1.225591981384798,2
delivery fee,0.04225409868471758,0.10469655876845727,0.9279331466155673,23
hour late,0.24108513033778783,0.0019644624186806714,0.8840080442059,8
ur food,0.1631530753703069,0.11683315498434198,0.7362145244116718,31
delivery driver,0.0928102677034779,0.3948655028801536,0.8099805187285203,11
lose customer,0.8765559985673317,0,0,1
have drive,0,0.5147198590377937,0,2
be honest,0,0.8282351763651858,0,1
be deliver,0.0392014170699753,0.16205989039813734,0.8275398662149736,10
need help,0,0.51572209225251,1.03144418450502,2
arrival time,0.017120863568401003,0.205450362820812,0.68483454273604,3
be good,0,1.1228475434042295,0,4
quality food,0,2.000656102539688,0,1
be good,0,1.100259242569381,0,4
say help,0,0.4918584674232236,0.9837169348464472,2
first time,0.00578061230417444,0.3217226623051825,0,16
contact uber,0,0.19113387274479998,0,1
bottom line,0.7013083668954755,0.20260019519260775,0,2
uber eats,0.16523597221462158,0.22611684937462043,0.4233340152380167,109
original order,0,0.34409090358931455,0,2
delivery fee,0.031876579586189106,0.07898330083632596,0.7000346882195415,23
grub hub,0.10573229736386973,0.09680305809688482,0.8394845146613318,17
do anything,0.16277807711394124,0.11876494839585133,0.5777475411267994,18
next time,0,0.16682474917435702,0,1
first place,0.05220790848481274,0.278442178724889,0,4
do anything,0.15674014269537503,0.11435959490874385,0.5563171260140216,18
food quality,0,0.9156336999175827,0,1
allow driver,0,0,1.6564464080589856,1
many time,0,0.6267188984422926,0,7
different restaurant,0,0,1.6549556026257235,3
hour wait,0.03057091542440593,0.142664271980561,0.4076122056587458,4
group order,0,0.3254572059059378,0,1
missing item,0.2272585065923546,0.019029942189055113,0.08134937099113791,20
get money,0.49339105810150446,0,0,1
deliver food,0,0.17329186622345574,0.536645780380551,3
someone cancel,0.6228902277232803,0,0,1
delivery person,0.31386930569010796,0.08282662242207553,0.26155775474175663,6
new place,0,0.21364509137680446,0,1
delivery apps,0.07090449819465293,0.21217633938055017,0.25783453888964697,6
year old,0.4655997073361106,0,0,1
delivery fee,0.026980551384367488,0.06685199712094372,0.5925140689978595,23
reach customer,0.5016706895545848,0,0,1
something wrong,0.10730248767231512,0,0,1
good company,0,0.11216807666709869,0,1
order something,0,0.34843305657395646,0,3
uber eats,0.13359301468610899,0.18281510481291743,0.34226486252862925,109
food sit,0,0.10810952065477385,0.7374913041488395,2
spend hour,0,0,1.4719717360281916,1
late night,0.21968721450631293,0.22151794129386554,0,2
first time,0.004323278309895659,0.24061406206769004,0,16
use app,0.27475586704830657,0,0,1
last week,0,0,1.441182486579931,1
last time,0.13678165762255662,0.005895761104420544,0.47166088835364345,6
new customer,0,0.0868021686035139,0,1
first time,0.00412037551135706,0.22932141258696465,0,16
thing happen,0,0.18925257115804026,0,1
credit card,0.058373265207831974,0.08351410854574426,0.4271214529485859,16
many other,0,0.34303975460028446,0,4
hour late,0.13656005536983767,0.0011127484150147498,0.5007367617197993,8
be great,0,0.9904926667900091,0,3
full refund,0.03760971440168716,0.19274978630864667,0,7
home page,0.2320778502972968,0,0,2
uber eats,0.11500453845613566,0.1573777401551952,0.2946412478028358,109
be closed,0.09610745998948025,0.019221491997896047,0,4
delivery fee,0.02248451409638778,0.05571178476761784,0.49377756395332384,23
be separate,0.6235632864422505,0,0,1
be aware,0,0.23182618138276664,0,2
correct address,0.017245845285514004,0.016937883762558396,0.6159230459112144,4
original order,0,0.22850969752030917,0,2
wrong address,0.3517059353594584,0.020527843094192776,0,10
rate driver,0,0.5990850186186929,0,1
last few,0.28448494187682793,0,0,1
many people,0,0.36659740894113413,0,2
same thing,0.018350170443565385,0.11744109083881847,0.5872054541940923,4
many issue,0,0.21972747423416514,0,3
different driver,0,0.1431614279784198,0.5726457119136792,2
delivery person,0.22813838742749037,0.06020318563451507,0.190115322856242,6
tip more,0,0.32528677746228424,0,1
last time,0.10813352574068034,0.004660927833650014,0.3728742266920011,6
order status,0.048920345456014674,0,0.5590896623544535,2
get food,0.1723222990214446,0.10232557045396928,0.18557786039898136,6
find option,0,0.22070651538017372,0,1
uber eats,0.09867819705821387,0.1350359895712637,0.25281321504764565,109
uber cash,0.02825401257038186,0.04192530894012457,0.4374814838317668,5
do anything,0.10208721063559373,0.0744841229112559,0.362337705242228,18
whole point,0,0.18136739543977487,0,2
ur food,0.07614939498671851,0.05453022596266873,0.34361773743546964,31
customer experience,0.24929476236790882,0.10647844078193937,0,3
something go,0.26564370084424077,0.01328218504221204,0,3
screen shot,0,0,1.0621166466703835,1
delivery fee,0.01867913245440273,0.046282868399308376,0.4102083985696721,23
ur food,0.07450637634214811,0.05335366798784926,0.33620375405044034,31
great service,0,0.3836095505426113,0,1
live person,0.10837832531097845,0,0,2
be good,0,0.5708247282704711,0,4
uber eats,0.09186108438102811,0.12570712479843532,0.23534779487742638,109
ad be,0.04091761433102769,0,0.8183522866205537,5
last time,0.0987052032059555,0.004254534620946357,0.34036276967570855,6
say sorry,0.1249067429305968,0.05620803431876856,0,2
be closed,0.07471894773159979,0.014943789546319955,0,4
uber cash,0.02557157127920163,0.037944912188819596,0.3959469091077751,5
look good,0,0.3953593610178028,0,1
ur food,0.07042243766967377,0.050429178585582185,0.3177753244259422,31
subscription service,0,0.40432154505951756,0,1
hour late,0.09795617348186862,0.0007981878484719358,0.3591845138531454,8
delivery time,0.11680039468167557,0.028495829201747536,0.3185465310948181,6
credit card,0.040607647554992535,0.05809699823404703,0.2971291285961059,16
ur food,0.06796518704933989,0.04866955289719576,0.30668718776223924,31
take money,0,0.0473322916569853,0,1
uber eats,0.08449058733642913,0.1156209822490093,0.21646460578505805,109
be able,0.01958187094542602,0.25200668975895185,0,8
full amount,0,0.2138517234749678,0,7
wrong address,0.2743726618012602,0.016014170886925354,0,10
provide refund,0.1109026690469869,0,0,1
delivery time,0.11202234120840475,0.02733012598591326,0.3055154761617927,6
delivery time,0.11177431147780886,0.027269614094157433,0.3048390314416783,6
available item,0,0.13090434875378187,0,1
be acceptable,0,0,0.8978517493909168,1
want full,0,0.15626985909090518,0,1
give coupon,0,0,0.8890253816522892,1
much money,0,0.3658269366471253,0,1
first thing,0.02042097365123736,0.13213571175731179,0,5
lunch hour,0.20181725271398943,0,0.4324655412210734,2
re order,0.04130812599413582,0.030640642819744466,0.3813057778207833,9
phone call,0.23961326891541554,0,0,2
anyone use,0.5086549358906327,0,0,1
customer service,0.13961376632985745,0.05020986300225867,0.257644018456563,115
local restaurant,0,0.1579157951654378,0,2
same price,0.02451742689621717,0.035024895566024526,0,3
phone call,0.23457578110760438,0,0,2
credit card,0.0355622646142427,0.05087861397768555,0.2602116924262694,16
customer service,0.13707479697360156,0.049296763192005384,0.25295859032952345,115
timely manner,0.00981375547355429,0.148373575063562,0.13739257745411554,6
be ready,0,0.31682797131036483,0,2
ur food,0.05835691492829708,0.04178911412335315,0.26333066828532325,31
ur food,0.0580286212475675,0.04155402455244555,0.26184927067466146,31
exact same,0,0.04419940427638517,0,3
uber eats,0.07191357265311003,0.09840999061919274,0.1842423356931596,109
other apps,0.05761626241699229,0.006671858389827673,0,5
many time,0,0.30299285836938,0,7
suspicious activity,0.2608482943599691,0,0,2
missing item,0.11120611861872232,0.009312065102053634,0.03980730110237939,20
additional charge,0,0,0.7953054040739248,2
delivery person,0.1578780095238657,0.04166225255709734,0.13156500793655473,6
do anything,0.0738099658083002,0.05385268665009651,0.26197339968913014,18
make money,0,0,0.7853059804930412,2
be convenient,0.07808352563413512,0,0.3904176281706756,2
free grubhub,0.058136062630599006,0.15502950034826402,0,2
first time,0.002296594550809413,0.1278180362638073,0,16
be convenient,0.07721395277286154,0,0.3860697638643077,2
delivery person,0.15368865177929283,0.04055672759556024,0.12807387648274404,6
wrong address,0.22479362112220472,0.013120416003943165,0,10
go get,0,0.015299764748947882,0.5058520041395161,3
full amount,0,0.17325159575780782,0,7
different place,0.026293051252267597,0,0.566311874287429,4
dash pas,0.06966441309465321,0.0757770488090799,0.13267564676019095,17
driver assign,0,0,0.750317947599894,1
pick food,0.22507011954310344,0,0,1
delivery fee,0.013329399002046223,0.03302738076083223,0.2927240562094083,23
uber eats,0.06667405699903148,0.09123998546795117,0.17081871388723396,109
contact support,0.01999572610918815,0.07846322910897868,0.32907252050947805,9
extra money,0.06751071074542087,0.11093046221189047,0,2
delivery service,0.09416207012757681,0.12399470565901012,0,9
whole thing,0,0.13501234953872487,0,1
customer service,0.12072001737391408,0.0434150277104748,0.22277738937918592,115
same message,0.07319576860301924,0,0,1
be nice,0,0.3216544033670667,0,6
be able,0.015000022119777513,0.19304110068191177,0,8
same thing,0.011214521770790695,0.07177293933306045,0.35886469666530224,4
contact support,0.019351372194296612,0.07593478435156772,0.31846829610093935,9
big deal,0.0626669421173819,0,0.2379757298609132,3
multiple time,0.05753949804057656,0.014590740323491596,0.19454320431322128,11
ad be,0.028439517834774358,0,0.568790356695487,5
great app,0.04736738917956248,0,0,1
be deliver,0.013394655223227239,0.055373925731364196,0.2827604719400556,10
have delete,0,0,0.7034232159947487,2
dash pas,0.06513028017097669,0.07084507283165419,0.12404040544511516,17
most restaurant,0,0.2507203526858403,0,1
get further,0.0788579373949656,0,0,1
more dollar,0,0.13548689016156495,0,1
be super,0,0.17121236597103395,0,1
full amount,0,0.15618858021373994,0,7
wrong order,0.20164614808533016,0,0,2
say help,0,0.16844409913041575,0.3368881982608315,2
customer service,0.11083672759286008,0.039860660265462894,0.20453871162053802,115
hour wait,0.012587917753741852,0.05874361618412865,0.1678389033832247,4
order something,0,0.15653791089112898,0,3
company policy,0,0,0.6691131863657005,1
customer service,0.11010562712388276,0.03959773164922952,0.20318953476159016,115
delivery guy,0.10003947227295708,0,0.3334649075765236,2
long time,0.067661768157171,0.04991441913233926,0,3
one call,0,0,0.661980860226104,1
dollar credit,0,0,0.6618655113849718,1
same thing,0.010335535853909238,0.06614742946501913,0.3307371473250956,4
minute wait,0,0,0.6594718244964465,1
be available,0,0.09886688989844773,0,1
credit towards,0.03417372566528482,0.043435763264521504,0,2
buy food,0,0,0.6461490554294367,1
pay more,0,0.06431312521310759,0,1
missing item,0.08955120896288048,0.0074987482540331924,0.032055717648860754,20
only thing,0.02667513907509218,0.038337573472254034,0.10670055630036872,6
store close,0.023974668840896933,0,0.3196622512119591,2
do anything,0.05992559514967662,0.04372247382281232,0.2126936615921021,18
refund request,0,0,0.6361556848378658,2
company do,0.06340300993388231,0.04679745962252788,0.21134336644627438,3
second time,0.03169456507913949,0,0.42259420105519313,6
wrong address,0.18433572039096685,0.010759030099885393,0,10
take advantage,0.024353565646582104,0.156558635852146,0.313117271704292,4
real person,0,0.07806705789790491,0,4
uber eats,0.05591977500650814,0.07652330889417779,0.14326627893085864,109
service fee,0.021970488661329918,0.09990790591296173,0,3
customer service,0.10295112027609259,0.03702472743825836,0.1899865681573904,115
be deactivate,0,0,0.6228291041499875,1
someone el,0.01900402252637264,0.07023383588994771,0.062262366270800173,10
someone pick,0,0,0.6199205696129368,1
old order,0.14971382104509973,0,0,1
first time,0.001829824280697667,0.10183972011262461,0,16
first thing,0.014281298798204686,0.09240840391590609,0,5
treat customer,0.04889665892311942,0.10204520137283384,0.20409040274566767,3
total waste,0,0.030014770483378743,0,1
delivery apps,0.027713763698161,0.08293133837278632,0.10077732253876726,6
many other,0,0.1528367125371663,0,4
correct address,0.00842006518355636,0.008269706876707139,0.30071661369844144,4
house number,0,0.037568005487492624,0,2
specialized team,0.01000056940929501,0,0.40002277637180045,3
save money,0,0.06118601457257646,0.14984330111638586,4
customer service,0.09879320556949782,0.035529399769065946,0.18231352930479108,115
menu item,0.00665233953496558,0.04989254701116732,0.19957018804466928,3
support person,0.03924247361004752,0.07357963820278819,0,2
uber member,0,0.2930619830106074,0,1
take day,0.04929780284191769,0,0,1
uber eats,0.05231724526834733,0.07159343398102484,0.134036609636517,109
grub hub,0.03453908005632017,0.03162220680591621,0.27423051972610263,17
uber eats,0.05198614600243427,0.07114034182539382,0.13318833441047073,109
waste time,0,0.0868707766117922,0,1
uber cash,0.014935398064807367,0.022162203561386918,0.23125777589054558,5
same restaurant,0.048113317523730346,0,0,1
be perfect,0,0.5769868637025031,0,1
pay extra,0.12908087429540768,0,0,2
customer service,0.09454882605744161,0.03400297641245774,0.1744809278207997,115
driver pick,0.04736120745103118,0.11366689765514104,0,2
be fan,0,0.22685707512393313,0,1
multiple time,0.045480360983054774,0.011532810669541288,0.15377080892721715,11
several time,0,0.252819211789322,0,1
debit card,0.08337914012032568,0.019528272291339438,0,8
few minute,0.06293021756975271,0.003995569429441649,0,4
customer service,0.09199429178364109,0.03308427892800581,0.16976677610862553,115
same thing,0.00871558950096658,0.055779772806186116,0.27889886403093056,4
be careful,0.054704267418026364,0,0,3
bad experience,0.13881562250453425,0.037017499334542465,0,3
hour late,0.05607896602299171,0.0004569548568851331,0.2056296753168261,8
different restaurant,0,0,0.5468012193161866,3
deliver wrong,0.2733109270440688,0,0,1
multiple time,0.043718600776516875,0.011086067361705542,0.1478142314894072,11
customer service,0.08926442565537988,0.03210252614017067,0.16472906602012358,115
full price,0,0.15001971846350598,0,1
uber eats,0.048177093380354585,0.06592785106770287,0.12342955416942586,109
delivery time,0.06576565046820314,0.01604486652798749,0.17936086499480894,6
uber eats,0.04776641060035177,0.06536585300479904,0.12237738624305033,109
door dash,0.012641627132374314,0.08864745234230276,0.09487997478815893,28
whole process,0,0.1592619712215016,0,1
customer service,0.08751529242863863,0.031473478289116494,0.16150120586564012,115
be closed,0.03973107344106954,0.007946214688213908,0,4
many people,0,0.16463012316848466,0,2
ur food,0.037760733022723904,0.02704028449082592,0.17039213046191995,31
second order,0,0,0.5271981529228963,1
only problem,0,0.05388998730130152,0.2628779868356172,2
customer service,0.08646342276271828,0.031095190150271283,0.15956007975218806,115
other person,0.0228732275528201,0,0.2614083148893726,2
min try,0,0.3132219743642282,0,1
first place,0.01620284519112386,0.08641517439586817,0,4
next order,0.025905740223163703,0.01899754279577906,0.20724592178530962,5
driver drop,0,0.1292886343089037,0.2585772686178074,2
please do,0,0,0.5168604780301583,1
do anything,0.04849923384367741,0.035385655776304495,0.1721381257016855,18
uber eats,0.04612274788820977,0.06311658591771856,0.1181663278015852,109
uber eats,0.04610819959615574,0.06309667733535027,0.11812905512537829,109
correct order,0,0.06424707370395279,0.25698829481581115,2
burger king,0.17125119397370234,0,0,1
free grubhub,0.038529332909701196,0.1027448877592032,0,2
contact support,0.013857472452988406,0.05437672180609479,0.2280544033807383,9
follow simple,0,0.026218881834099938,0,3
many other,0,0.1295345647522133,0,4
ice cold,0.25334569819848823,0,0,3
customer experience,0.11851300191581715,0.05061911263807455,0,3
uber eats,0.04528959078723714,0.061976453680282234,0.11603178205980998,109
new driver,0.03702084928692122,0.029361363279854006,0,3
most people,0,0.046082156526673156,0.25135721787523035,2
have deal,0,0.2511580172471759,0,1
many thing,0,0.25038641803803585,0,1
do anything,0.04692940642169466,0.03424028979049261,0.1665663438676422,18
delivery fee,0.00888747927317211,0.022021260066864185,0.1951760152067329,23
food delivery,0.20145566981109955,0.023364703972936805,0,3
credit card,0.021279285814520873,0.03044408393058977,0.1557020914017147,16
do anything,0.046784442624826256,0.03413452236677318,0.16605182447609967,18
ur food,0.0353468747702985,0.025311731874359724,0.15949979820723795,31
credit card,0.020964103758131562,0.029993155780943685,0.15339588123188747,16
whole order,0,0.09800747078675134,0,1
good experience,0,0.15516940470172602,0,2
have multiple,0.03666785013122117,0,0.24445233420814114,2
deliver food,0,0.05249929649251633,0.16257846689311575,3
send message,0,0,0.4837020879330227,1
uber eats,0.04319881980191577,0.05911534213399809,0.1106752336987206,109
be closed,0.036116695762937336,0.007223339152587466,0,4
awful experience,0.09348800293078313,0,0,1
deliver food,0,0.05173520070126533,0.16021223476048563,3
order status,0.021020111972474703,0,0.2402298511139966,2
customer service,0.07916651643944854,0.028470974240458555,0.14609432836642183,115
few minute,0.053902250123753256,0.0034223651385579053,0,4
delivery fee,0.008531552358883062,0.021139349808236025,0.18735958101875524,23
first order,0.03326123544551154,0.08626425857330036,0,5
be able,0.00989133642725954,0.12729544369242518,0,8
few time,0.0369121901136242,0.04086706763144805,0,3
hour late,0.04833554066141159,0.00039385819018748297,0.17723617672255848,8
email say,0.07201842990477507,0,0,1
uber eats,0.04218992023260057,0.05773471545270467,0.10809043633331789,109
good deal,0,0.17833957293755348,0,1
uber eats,0.0420248207624567,0.057508785399327064,0.10766745203593445,109
long time,0.047679823821401214,0.035173640523984494,0,3
do anything,0.04388298184708749,0.03201757980515585,0.1557536820005559,18
online delivery,0,0.2717901752467237,0,1
take cash,0,0,0.4657078778160006,1
many issue,0,0.08916469120811192,0,3
business day,0.04314146381160513,0.05501664025547673,0.2104461649346592,11
ur food,0.03305519647335726,0.023670671753163158,0.1491587927210845,31
customer service,0.07619329480893171,0.027401702529881708,0.14060752868480253,115
delivery fee,0.008231996904823465,0.020397115890660934,0.18078110830903182,23
first time,0.0013708906458178255,0.076297555534607,0,16
delivery fee,0.008202276026043186,0.020323473952275555,0.18012841450120626,23
new driver,0.0337109012601439,0.02673623208152739,0,3
customer service,0.07583834710123656,0.027274051251323463,0.1399525062170578,115
uber eat,0,0.0413819837596298,0,1
door dash,0.01091241227443868,0.07652160097022068,0.08190159309676444,28
issue refund,0,0.04584771894239791,0,1
wrong address,0.1339498951718318,0.007818186030214763,0,10
many review,0,0.12793395330477011,0,2
be ashamed,0,0,0.4562428601917391,2
credit card,0.01940985232262026,0.027769502150629816,0.14202330974698887,16
uber eats,0.04061307183547037,0.055576880286900804,0.1040505559463056,109
lunch break,0,0.01888594850573246,0.30217517609171934,3
provide proof,0,0.004042867100264149,0.2264005558035879,2
base price,0.36175650287748806,0,0,1
first time,0.001341304781586148,0.07465094052111765,0,16
be able,0.009411560136110947,0.12112101657592811,0,8
make more,0,0.1122515588051184,0,1
do anything,0.04207014462722569,0.030694910790480985,0.14931938651796972,18
wrong house,0.2233669020625065,0,0,3
have car,0,0,0.4464817607937201,1
delivery driver,0.018504097992776473,0.07872652606288645,0.1614903098725876,11
service fee,0.015602330747250861,0.07094954583613215,0,3
parking lot,0.014752395448607016,0.027046058273271542,0.14752395448607017,3
first order,0.030803054493830317,0.07988887430403063,0,5
home page,0.07897802701025475,0,0,2
be aware,0,0.08222682988847017,0,2
be deliver,0.008306947979383018,0.03434118406175995,0.1753592378367994,10
wrong address,0.128344999373515,0.007491047901625733,0,10
loyal customer,0.01377467147667455,0.07385663460997362,0,8
use grubhub,0.14373625108977076,0,0,2
use doordash,0,0,0.4366291714797508,1
ur food,0.031188979790644028,0.02233428270606168,0.1407376469694985,31
delivery window,0.032686221253861544,0.02179081416924103,0,2
delivery time,0.05291469186746092,0.012909614097004649,0.14431279606776287,6
taco bell,0.03467057712577482,0.02040952693472679,0,3
estimated delivery,0.023671635384257796,0.06742829470222325,0.08607867412457379,5
charge more,0,0.1343086436580594,0,1
dash pas,0.03974305492688831,0.043230270366663034,0.07569051804809365,17
ad be,0.01715250068487285,0,0.343050013697457,5
driver arrive,0,0,0.4274942654116178,1
customer service,0.07019620112722437,0.02524494349324908,0.12954045875442768,115
delivery fee,0.007584065131436445,0.018791680463046436,0.16655201839854988,23
house number,0,0.02660205849421283,0,2
escalation team,0.037735965288543394,0.03537746741378759,0.14150986965515036,3
couple year,0.0035376449950072462,0,0,1
treat customer,0.03390243251108148,0.07075290273026104,0.14150580546052208,3
customer service,0.06999752976055072,0.02517349450676742,0.12917382951285908,115
delivery people,0,0.145253959918847,0,1
hot food,0.01453964647718207,0,0,1
countless time,0,0.003479660475355284,0.2783728380284227,3
have issue,0,0.04155822911853752,0,1
full amount,0,0.094284635154775,0,7
customer service,0.06807089817655025,0.024480612204173167,0.12561841290577155,115
delivery service,0.05266943527242948,0.06935628236489412,0,9
uber cash,0.010659405929786005,0.015817182979275292,0.16504886558365717,5
make sure,0,0.140979887553537,0,7
take people,0,0.04107149834951419,0,1
someone el,0.012534455029013052,0.04632402725559527,0.04106629682943479,10
customer service,0.06772732532184539,0.02435705170996467,0.12498438165480154,115
bottom line,0.15398950618900353,0.04448585741192969,0,2
grub hub,0.024338498847755293,0.02228307883864551,0.19324079209665482,17
different restaurant,0,0,0.410267921467888,3
be able,0.008536006435572417,0.10985317652153052,0,8
uber eats,0.036571524011688235,0.05004623191619693,0.09369612376615132,109
get food,0.06306648004691967,0.03744909152193846,0.06791774771148991,6
do anything,0.03812653857708686,0.027817605828152046,0.13532236223167318,18
dasher do,0,0.013399685922844646,0.20099528783769324,2
girlfriend be,0,0.06492345492482078,0,1
get ready,0,0.10001743138307027,0,1
grub hub,0.02369859849054075,0.0216972189547684,0.18816016437739536,17
be rip,0.3990913822269615,0,0,1
dash pas,0.03693290148752129,0.04017354276534686,0.07033859001911827,17
someone el,0.012165815883871845,0.04496163457338663,0.039858534344167015,10
double check,0,0.033796147334905824,0.1991639327624046,6
few dollar,0.029839081684824846,0,0,1
last night,0.03687370122701015,0.001755890515806418,0.23704522200431866,5
be warn,0,0,0.3950753700071978,1
uber eats,0.03533249812723088,0.04835068932016222,0.09052174354118507,109
door dash,0.009389420615020808,0.06584185783808691,0.0704709909491907,28
someone el,0.012016984720773626,0.04441159399803768,0.03937092282000307,10
uber eats,0.03520901081535041,0.048181703344978274,0.09020536945587748,109
other apps,0.028249893765254858,0.0032712863143630347,0,5
last time,0.03794692094303584,0.0016356431440963722,0.13085145152770977,6
fast food,0,0.07825655942756635,0,1
last straw,0.009732332446150979,0,0.19464664892301956,2
next day,0.019059151040379,0.025952886523069277,0.12976443261534637,3
small percentage,0.029155581752217875,0.023000514428626145,0,2
express delivery,0,0,0.3887410900295717,1
do anything,0.03646972214619294,0.026608771558788005,0.12944183067595635,18
tip include,0,0.028102769782925956,0,1
pay extra,0.08692634085171443,0,0,2
customer service,0.06371514659805495,0.022914135661226766,0.11758028479288465,115
delivery fee,0.006883845762292422,0.01705668763124065,0.15117465187656598,23
call uber,0,0,0.385943083448706,1
missing item,0.053797741509347595,0.004504860681237341,0.019257419659011735,20
multiple occasion,0.023673874713279985,0.0015511138068167885,0.12796689034205397,3
gift card,0.026527780956699304,0.016222846244502685,0.19193226531978821,14
uber eats,0.03426982143575403,0.0468964714391521,0.08779916936636538,109
shake shack,0.02552029189582354,0.02552029189582354,0.1276014594791177,3
loyal customer,0.012012124269867459,0.06440626003977679,0,8
live person,0.03995206031593661,0,0,2
multiple time,0.030719199268513773,0.007789707500687579,0.1038627666758344,11
feel bad,0.03795720997145191,0,0,1
good customer,0,0.26450372116451015,0,1
next day,0.018483245574571597,0.02516867482494856,0.1258433741247428,3
menu change,0,0,0.376876047757672,1
ur food,0.026878970556663613,0.01924790523095328,0.1212890929584701,31
customer service,0.0620033308206054,0.022298508435271286,0.11442129046622612,115
food delivery,0.15165965592832206,0.017589393084470346,0,3
customer service,0.06184814251254673,0.022242697436886154,0.11413490510211208,115
extra hour,0,0.09375121679101082,0,1
customer service,0.061651054526469184,0.022171817887967144,0.11377119783987437,115
food cost,0,0,0.3725841808281091,1
true cost,0.02273161471481519,0.06654163596386492,0,3
uber eats,0.033262117715877296,0.045517481215729974,0.08521743576327558,109
lunch hour,0.08659599622502934,0,0.1855628489210894,2
last straw,0.009258977584119416,0,0.1851795516823883,2
extra fee,0,0.045092881472527734,0.12334970044939776,6
real human,0,0.05756572660107783,0,3
estimated delivery,0.020160971316651666,0.057428221301782344,0.07331262296964242,5
uber eats,0.0328158537320331,0.0449067921226483,0.08407410891014039,109
whole point,0,0.06196326626545668,0,2
ur food,0.026193982904171104,0.018757388773421747,0.11819814381354568,31
dash pas,0.03395192890866655,0.03693100766640778,0.06466133749799852,17
time frame,0.0961296080611352,0,0,1
customer service,0.06039512744759995,0.021720143757051835,0.11145350304519507,115
own risk,0.021870538512212108,0.030517030656742234,0,2
big deal,0.03213727699422936,0,0.12204029253763084,3
double check,0,0.03105673448333585,0.18302031048581915,6
do anything,0.03434603730882636,0.02505930418215629,0.12190424505834296,18
correct address,0.005118567292921218,0.005027164305547624,0.18280597474718635,4
first time,0.0010840968499216121,0.06033591363696443,0,16
first time,0.001083154009076819,0.06028343939189217,0,16
full amount,0,0.08319708413851994,0,7
uber eats,0.032544342660924014,0.04453524331794994,0.0833784984424337,109
hour wait,0.00680852092993862,0.031773097673046896,0.09078027906584828,4
double dash,0,0.0907049383699037,0,1
other delivery,0.04261420212615529,0.0340006931857622,0,2
uber eats,0.03244311045121868,0.04439671229466846,0.08311914185541694,109
independent contractor,0,0,0.3617892953586938,2
grub hub,0.02144137117421652,0.01963061761830035,0.17023841837008438,17
uber eats,0.03233300814599545,0.04424604300618192,0.08283706011297065,109
grubhub guarantee,0.0541754373138828,0,0.180584791046276,2
ice cold,0.17986235072433024,0,0,3
uber eats,0.03217473444059373,0.04402945365747885,0.08243156340231929,109
love doordash,0,0.17958964741888764,0,1
love grubhub,0,0.057228438413684066,0,1
loyal customer,0.011248147887975072,0.060309993600056386,0,8
additional charge,0,0,0.3574135668782222,2
bank account,0.01548792123138963,0.06949708240883058,0,3
one accept,0.008891860229099791,0.017783720458199582,0,2
delivery address,0,0.07002339930416085,0,2
next order,0.017780538670301865,0.013039061667847315,0.14224430936241492,5
driver pick,0.02961012276951585,0.07106429450470945,0,2
do anything,0.03336753168239391,0.02434537407382264,0.11843123917405324,18
uber eats,0.031789482148914944,0.04350225589756486,0.08144454830306358,109
missing item,0.049544889661117114,0.004148739689227069,0.017735070383907914,20
be deliver,0.006720812937243427,0.027784051940057574,0.14187600996704972,10
customer service,0.058455013598858505,0.021022412773103294,0.10787320619200376,115
make money,0,0,0.3541873938886393,2
missing item,0.04940174409408352,0.004136753111007778,0.017683830049660534,20
independent contractor,0,0,0.3529587996537226,2
priority delivery,0.04853183495238687,0.017647939982686132,0.08823969991343066,4
uber eats,0.03159159261878509,0.04323145434946692,0.0809375559802622,109
be charge,0,0,0.3528053743925351,2
be deliver,0.006683492155282178,0.027629766654313527,0.14108817020972358,10
delivery instruction,0.058786737587384834,0.007838231717509135,0.11757347517476967,3
have wait,0,0.03523454967583395,0,1
promo code,0,0.051419919958033695,0.11714693112013252,3
significant amount,0,0.13175173602634904,0,1
customer service,0.05781053591470266,0.020790636659041413,0.10668388350043488,115
wrong place,0.017526638003642875,0,0,1
uber eats,0.03134262183776548,0.04289075076152562,0.08029969366134126,109
be charge,0,0,0.3500906305959365,2
first time,0.0010379508098686823,0.05776763434759762,0,16
customer service,0.0576609147711814,0.020736827802537286,0.10640777181262463,115
make sure,0,0.11972296203856914,0,7
uber eats,0.03129712007877175,0.04282848396666993,0.08018311830503692,109
parking lot,0.011630781424548329,0.02132309923956933,0.1163078142454833,3
local restaurant,0,0.06540453724256992,0,2
uber eats,0.031173290853859545,0.04265903010125327,0.07986586823967098,109
quality control,0.02611613891437241,0,0.17410759276248275,2
know man,0,0,0.3479710485329132,1
many time,0,0.13129771315002933,0,7
customer service,0.057080026219370986,0.020527920505121703,0.10533579685844822,115
take advantage,0.013442751974909626,0.08641769102036848,0.17283538204073695,4
uber eats,0.030936660147391333,0.042335213264672523,0.07925962115100628,109
customer service,0.056958265038964305,0.020484131039742132,0.10511109810103575,115
door dash,0.008182297718152294,0.05737709548186988,0.06141109788148692,28
wasted time,0.005471170569796304,0.020060958698602756,0,2
other day,0.014327596311756395,0,0,1
time stamp,0,0,0.3432190107004546,1
save money,0,0.035036940647069824,0.08580475267511364,4
menu item,0.003809005331502461,0.02856754027194386,0.11427016108777543,3
wasted time,0.005451660855898034,0.019989423081180156,0,2
job do,0,0.06844832899097918,0,1
actual price,0,0.11397614140252049,0,1
door dash,0.008135337866088685,0.05704779679237211,0.06105864724098035,28
customer service,0.05634609976275625,0.02026397556753371,0.10398140490624593,115
grubhub decide,0,0.012201899652939973,0,1
uber eats,0.030585840679405223,0.04185513503632365,0.07836082283236095,109
uber eats,0.03053944690922427,0.04179164757046905,0.07824196214634024,109
estimated delivery,0.01876167973575696,0.05344236043668747,0.06822428994820712,5
delivery fee,0.0060782121737140375,0.015060501060517595,0.13348230642040523,23
shake shack,0.022701286054580605,0.022701286054580605,0.11350643027290303,3
customer service,0.056094202994495954,0.02017338491478118,0.10351655321348759,115
do anything,0.03194303315381795,0.02330604189079244,0.11337527256715307,18
do anything,0.031936624429791644,0.02330136600450749,0.11335252611005266,18
text say,0,0,0.340057578330158,2
timely manner,0.004048304479640625,0.06120607041909191,0.05667626305502633,6
real human,0,0.05313399661408719,0,3
customer service,0.05575300361658587,0.020050678003624253,0.1028869019897541,115
ur food,0.024165527665668856,0.01730482145453525,0.10904491023020813,31
customer service,0.05568775004177317,0.02002721059680699,0.10276648268100429,115
customer service,0.055683045703325725,0.02002551875655963,0.10275780126875075,115
be deliver,0.006380432067792779,0.026376906726446308,0.13469058759661542,10
only reason,0,0.03208083872463218,0.09615666212118168,7
customer service,0.05547212825793454,0.019949665663299063,0.10236857304561989,115
be lazy,0.08405653275546142,0,0,1
loyal customer,0.010528214910511374,0.05644987781070739,0,8
door dash,0.00795894597431345,0.055810875970710695,0.05973476242226028,28
delivery person,0.0668171933970629,0.017632314942785266,0.05568099449755242,6
use uber,0,0.0667190199155858,0,1
cold food,0.14331862450450972,0,0,2
few minute,0.03749543643339838,0.0023806626664018998,0,4
missing item,0.04654255469551548,0.003897333210832566,0.01666035566973224,20
ur food,0.023772885702096163,0.01702365237893354,0.10727314640767742,31
customer service,0.05479384640566763,0.019705732419647598,0.1011168679547958,115
delivery person,0.06639787433380319,0.017521661300975256,0.055331561944835995,6
gift card,0.022940169238392188,0.01402887180743714,0.1659753846705378,14
door dash,0.007897944334566006,0.055383111419859056,0.059276923096620644,28
find other,0.04131577490990871,0,0,1
business practice,0,0.0826270888013981,0,1
be fair,0.02754236298888409,0.0743643799212583,0,2
be cheap,0,0,0.3302594372340104,1
bad experience,0.08252177402658352,0.022005806407088938,0,3
debit card,0.04899204749372694,0.011474453228793941,0,8
contact support,0.008874119603229117,0.03482204525939645,0.14604265377466405,9
business model,0.0410083445220072,0,0.1640333780880288,2
different location,0.006826062850779731,0,0.1638255071081095,2
take advantage,0.012735043877479042,0.0818681389784563,0.1637362779569126,4
ur food,0.023410144744642803,0.016763895274109576,0.10563630835929845,31
customer service,0.05400740276258578,0.019422900514054257,0.09966556049551202,115
uber eats,0.029314987130877584,0.040116037934414275,0.07510490023713517,109
customer service,0.05400489745349922,0.019421999519622823,0.0996609371842333,115
gift card,0.02262964290502195,0.013838971982443963,0.1637286825169547,14
email response,0,0,0.326558021382032,1
hour late,0.033363394495586195,0.0002718588846784787,0.1223364919884908,8
be deliver,0.006175672875698586,0.025530425790066806,0.13036813174943396,10
bank account,0.014123214272855346,0.06337339734198369,0,3
lot more,0,0.16296016468679245,0,1
uber eats,0.029076409582239327,0.03978955694539856,0.0744936653452589,109
customer service,0.0535351614642156,0.01925306646746637,0.09879408378521558,115
delivery apps,0.014872259828537687,0.044504110868575364,0.054080944831046134,6
multiple occasion,0.02000994958748707,0.0013110531949148286,0.10816188966209227,3
contact support,0.008751767795553759,0.03434193676695626,0.14402909260060293,9
get food,0.050041271708328505,0.02971467826784024,0.053890600276404264,6
horrible service,0.12923209047372053,0,0,1
wrong address,0.09466097276580979,0.005525029294982414,0,10
have trouble,0.06457819386615525,0,0,1
front door,0.040361371166347026,0.017153582745697487,0.08072274233269405,4
customer service,0.053188966704863214,0.01912856304709366,0.09815521405687222,115
double check,0,0.027357344302268438,0.16121944987343115,6
payment method,0,0.03318433674411865,0.12897555989874493,5
first place,0.010066325019638025,0.05368706679824633,0,4
keep say,0,0,0.3218089143597121,1
customer service,0.05298406304498041,0.01905487271581881,0.09777708370686121,115
missing item,0.04480531741539843,0.003751862198525865,0.016038494855283712,20
delivery service,0.040923260103988716,0.05388865797370693,0,9
authorization hold,0,0,0.3206597829840412,1
ur food,0.022831751070469464,0.016349710266421055,0.1030263555723972,31
card information,0.0812591870186722,0,0,1
last order,0.0039880752042568855,0.05982112806385327,0,2
same exact,0.026587168028379234,0.020531201918388035,0,3
go grab,0,0.055253058687020774,0,1
different driver,0,0.03981880961903761,0.15927523847615044,2
customer service,0.05251383888005882,0.018885764099084823,0.09690932942581457,115
customer service,0.05246643606641593,0.018868716433646817,0.09682185201069886,115
uber eats,0.028473945962352476,0.03896511675985167,0.07295015554032211,109
many review,0,0.08901210138629498,0,2
take long,0,0.07947509052347765,0,1
uber eats,0.028436276100147685,0.038913567509140934,0.07285364547773172,109
full amount,0,0.07254083735996396,0,7
uber eats,0.028358235454471515,0.0388067729371906,0.07265370560118384,109
customer service,0.052212052346586664,0.01877723138845109,0.09635241088372655,115
make sure,0,0.10831571680126263,0,7
treat customer,0.025261115106558495,0.05271884899138308,0.10543769798276616,3
phone number,0,0.01770018270497713,0.10524432971093896,3
customer service,0.05198651678104728,0.018696121121565844,0.09593620630062581,115
be grateful,0,0.19701185222449943,0,1
business day,0.02932811467786852,0.03740101035166117,0.14306397403838303,11
uber eats,0.02815721242980622,0.03853168336450342,0.07213868527572882,109
do anything,0.02953869235565365,0.021551804367639104,0.10484155593405924,18
date night,0.037307663880653694,0,0,1
own food,0,0.07330628697575137,0,2
ad be,0.012549025059912705,0,0.2509805011982541,5
multiple time,0.025299844531878515,0.006415479355225347,0.08553972473633796,11
driver steal,0,0,0.3136294055698933,1
cold food,0.13486064439505416,0,0,2
good experience,0,0.09928492652207027,0,2
delivery apps,0.014351208286446718,0.042944903601838225,0.05218621195071533,6
credit card,0.013351152851550283,0.0191013749956477,0.09769136237607104,16
food sit,0,0.022912926455667088,0.1563052348332671,2
parking lot,0.010420348988884475,0.019103973111553704,0.10420348988884474,3
long day,0.015624358436838535,0,0,1
extra fee,0,0.03807858689615967,0.10416238957892356,6
only reason,0,0.02978725474098098,0.08928204821050591,7
customer service,0.05150539093637919,0.01852309188968798,0.09504833399933195,115
front door,0.039037708606868476,0.016591026157919103,0.07807541721373695,4
previous order,0.0010379759064609079,0,0,1
menu option,0.03373422038530034,0.02075952015327138,0,2
credit card,0.013290357346636587,0.019014395410414997,0.09724651721794894,16
payment method,0,0.032021279480867616,0.12445517539087343,5
uber eats,0.02785402203869168,0.03811678305508149,0.07136191249476688,109
be ready,0,0.12052686036617884,0,2
uber eats,0.027794347900139207,0.03803512209459097,0.07120902754882741,109
taco bell,0.024907341017790324,0.01466220321429554,0,3
promo code,0,0.04523880192187701,0.10306485924180153,3
most people,0,0.02834283623996299,0.1545972888627023,2
first thing,0.00716129117541995,0.04633776639284457,0,5
text say,0,0,0.3084196347562468,2
wrong address,0.09041835626632033,0.00527740263573556,0,10
wrong address,0.09040418165031545,0.005276575313066207,0,10
follow simple,0,0.015761939044836255,0,3
grub hub,0.01823177860638077,0.01669207959767749,0.14475516182267742,17
re order,0.014804738881985219,0.010981537051254512,0.1366591279311572,9
el order,0,0,0.306926123033555,1
convenience store,0.08864268485090622,0,0,1
uber eats,0.027469263035486437,0.03759026033483335,0.07037616119895165,109
grub hub,0.018178497111417505,0.01664329779891767,0.14433212183343236,17
customer service,0.050582502720203835,0.018191189870863538,0.09334523096836116,115
uber eats,0.027398368654905202,0.03749324505565084,0.07019453002998147,109
ur food,0.021878570838173704,0.01566714235554924,0.09872520997765134,31
food come,0.1530240754653596,0,0,1
gift card,0.021142217232517635,0.012929349046980537,0.1529669463851405,14
more money,0,0.17837692813839517,0,1
speak spanish,0,0,0.3056644076219372,1
free delivery,0,0.12226576304877489,0,2
customer service,0.050404694061061864,0.01812724382420335,0.09301710188294221,115
be nice,0,0.13521658681963064,0,6
day go,0,0.007632140235189793,0,1
missing item,0.042560407841735086,0.003563880238919399,0.015234907854348806,20
couple time,0,0.01014602138677025,0.15219032004060215,2
grub hub,0.018040686964612963,0.01651712591028888,0.14323794827350791,17
speak english,0.006335967312609875,0.045618964285839385,0,2
customer service,0.0501341215369107,0.018029936733885997,0.0925177858467174,115
delivery fee,0.005415025727205558,0.013417267837407054,0.1189182119240769,23
actual restaurant,0,0,0.3035284365613927,1
add menu,0.015160720839191625,0.022741081258787436,0,2
food delivery,0.12247897521523893,0.014205035785272555,0,3
full time,0,0.07321535206462554,0,2
only thing,0.01262333657157222,0.01814228941469798,0.05049334628628888,6
support number,0.045444011657659995,0,0.15148003885886666,2
debit card,0.04495338836436548,0.010528556748496126,0,8
uber eats,0.027111512454460543,0.037100697238134014,0.06945960539158355,109
gift card,0.02087215637098752,0.012764195548449613,0.15101301767122757,14
shake shack,0.020112787582405322,0.020112787582405322,0.1005639379120266,3
escalation team,0.026791866557931487,0.025117374866664047,0.10046949946665619,3
few time,0.023430080419933563,0.025940446182798393,0,3
bad experience,0.07531097288594497,0.02008292610291866,0,3
menu item,0.003340952906964194,0.025057147052802927,0.10022858821121171,3
door dash,0.0071540711774425395,0.050166816115914614,0.05369388654172056,28
same exact,0.025008723993914486,0.019312292361947907,0,3
provide proof,0,0.0026774774389802477,0.149938735383384,2
customer service,0.04945636832965104,0.017786193608974887,0.0912670563203207,115
error message,0.02998275425753434,0,0.1499137712876717,2
countless time,0,0.0024972232653879653,0.19977786123103722,3
customer service,0.04939365687049471,0.017763640433484502,0.09115132824589758,115
uber eats,0.02681190935974483,0.03669070595759124,0.06869202325215087,109
credit card,0.012789985317015676,0.018298517622077598,0.09358525846283923,16
delivery fee,0.005329468727921895,0.013205276014545271,0.11703931311824366,23
make sure,0,0.10242156294858627,0,7
full refund,0.00854572762450668,0.04379685407559673,0,7
expect customer,0.09964251425760816,0,0,1
get reimburse,0,0,0.298927543071752,1
hard earn,0,0.00960175471631989,0,1
make sure,0,0.1018897702252467,0,7
contact support,0.008035169772334644,0.03153000612898628,0.13223593658290445,9
hour late,0.03042828596892186,0.0002479423934900649,0.11157407149182563,8
uber eats,0.026510149870312805,0.03627776376283333,0.06791891643657497,109
get home,0,0.14806323783173345,0,1
same issue,0,0.05774466275437604,0,1
customer service,0.0487911320979261,0.017546952014559816,0.09003942568997458,115
google map,0.014785209456519866,0.08871125673911918,0,2
follow instruction,0.0722832462483029,0,0.14785209456519866,2
full refund,0.008443390720855367,0.043272377444383746,0,7
customer service,0.04872558436575534,0.017523378818743104,0.08991846354160529,115
dollar order,0,0.05908927604162634,0,1
be happy,0,0.23599767729176105,0,1
dollar coupon,0.02442944706340495,0.14749854830735065,0,2
add item,0,0,0.2946708209849621,1
customer service,0.04859767764937395,0.017477379209425173,0.08968242377803196,115
uber eats,0.026337108580483996,0.036040965741534495,0.06747558522338098,109
re open,0.009791702670412678,0.009371759359645617,0.04895851310727083,6
contact support,0.007913680804930344,0.031053283421763517,0.13023657529442106,9
delivery instruction,0.0488387157354079,0.006511828797280197,0.0976774314708158,3
cover cost,0.05219176184333875,0,0,1
loyal customer,0.00921395505912155,0.04940311740041193,0,8
customer service,0.04826276105210458,0.017356931800060486,0.08906436683252694,115
only reason,0,0.027895366465269522,0.08361144641420896,7
take advantage,0.01136050301595654,0.07303180489391545,0.1460636097878309,4
front door,0.0364264209014038,0.015481228883096615,0.0728528418028076,4
customer service,0.047896990059268306,0.017225388099727106,0.08838937101437438,115
gift card,0.020070249780585366,0.012273796169029894,0.14521110952361505,14
multiple occasion,0.017889354643592797,0.0011721116766387717,0.0966992142896908,3
re order,0.013962687017795359,0.010356938142797513,0.12888634150443973,9
solve problem,0.02071177065208876,0,0,1
delivery driver,0.01208186627742283,0.0514028492904192,0.10544174213419323,11
be possible,0,0,0.2897789949130875,1
business day,0.02698592057876167,0.03441410080399769,0.13163863696956915,11
first thing,0.006713570490713572,0.043440750199957814,0,5
liquor store,0,0.08265733375434213,0,1
front desk,0,0,0.2893006678508968,2
grubhub guarantee,0.04337853942362382,0,0.1445951314120794,2
cart total,0,0.057802189741010035,0,1
phone number,0,0.016201470131058496,0.09633306574827544,3
different person,0,0,0.2889991972448263,1
suspicious activity,0.09414595209508606,0,0,2
gift card,0.01994753450918783,0.012198750654179477,0.14432324709489905,14
be prepared,0.10459683860480339,0,0,2
be careful,0.028260717167429613,0,0,3
uber eats,0.025759857807195308,0.035251028027574946,0.06599667064818096,109
first time,0.0008527815585620701,0.04746195367352781,0,16
lunch break,0,0.011898558796641721,0.19037694074626754,3
please fix,0,0.009844798162014138,0,1
uber cash,0.0073569381300824955,0.010916746893516455,0.11391388042988668,5
re order,0.013709492407239964,0.010169128954188629,0.12654916048752404,9
customer service,0.04695914375618559,0.01688810664365849,0.08665866424689146,115
fast delivery,0,0.06169271583257984,0,1
last order,0.0035591951387116136,0.053387927080674205,0,2
other apps,0.020484952403108637,0.002372120228256826,0,5
multiple time,0.022961302130409988,0.0058224768773233035,0.07763302503097737,11
business bureau,0,0.14204243520140394,0,1
ur food,0.020299883411267435,0.01453665166512895,0.09160151579930668,31
new driver,0.020727674481273585,0.016439190135117666,0,3
confirm order,0.09192850830377472,0,0.14142847431349956,2
wrong item,0.07778566087242476,0,0,1
bad luck,0.07541159614485785,0,0,2
uber eats,0.025316539738595458,0.034644370266561274,0.06486089122017497,109
first thing,0.006548935512174704,0.04237546504554185,0,5
be pricy,0,0,0.2823491997235607,1
gift card,0.019492369427369698,0.01192039819227341,0.1410300630404009,14
uber eats,0.025233583860558316,0.03453084945431042,0.06464835853454738,109
ur food,0.02014991326483164,0.014429258743960966,0.0909247881324602,31
wrong house,0.14090278758394315,0,0,3
need help,0,0.0704088816827065,0.140817763365413,2
customer service,0.046447871889476286,0.016704235876045706,0.08571516030938181,115
next day,0.01378840599619669,0.018775701782055065,0.09387850891027533,3
large amount,0.008707563436596203,0,0,1
accept cash,0,0.070330319956615,0,1
missing item,0.03925804233743888,0.0032873501077652204,0.01405279431947809,20
customer service,0.04631855526239472,0.01665772921484484,0.08547651868878527,115
ice cream,0,0.0046808569758144325,0.18723427903257728,3
missing item,0.03922948215586859,0.003284958564265525,0.014042570927443297,20
debit card,0.041628701235061565,0.009749880026106526,0,8
credit card,0.011977380700385615,0.017135931463561484,0.08763937102118224,16
business day,0.026101991813578876,0.033286860636675235,0.12732678933453112,11
specific instruction,0.014589527991268182,0,0.14005946826798424,2
door dash,0.006654616871529989,0.046664470150722004,0.04994530169132085,28
ice cold,0.1398468447356984,0,0,3
grub hub,0.016559881846540364,0.015161376839769487,0.13148077476222864,17
door dash,0.006641301897395661,0.04657110095681586,0.04984536800422967,28
horrible experience,0.2791340608236862,0,0,1
partial refund,0.037217874683446804,0,0,1
business model,0.03489119216880929,0,0.13956476867523715,2
uber eats,0.024982331467024676,0.034187023598098755,0.06400465073189891,109
door dash,0.0066395463990599046,0.046558790796626316,0.04983219235554987,28
delivery apps,0.012790262704591134,0.03827389219969651,0.04651004619851321,6
gift card,0.0192620205715576,0.011779530244195266,0.1393634563316829,14
best app,0,0.1390504067228106,0,1
correct order,0,0.03470696466776585,0.1388278586710634,2
low quality,0,0.01849000594800369,0,1
customer service,0.0457411090772247,0.016450059909655673,0.0844108962970928,115
uber eats,0.024819702040694478,0.033964473671442216,0.0635879946786105,109
missing item,0.03872554799049961,0.0032427606365493878,0.01386218283993709,20
business day,0.025834068019882753,0.032945187784821355,0.1260198439994281,11
most other,0,0.06086024995192876,0,1
re open,0.009199956736758013,0.008805392030190482,0.04599978345379115,6
customer service,0.04547747096562908,0.016355246670149513,0.083924377064245,115
door dash,0.006560703910749915,0.04600592005840389,0.04924045102156207,28
uber eats,0.024666398115940125,0.03375468520953761,0.06319523052956848,109
customer service,0.04544113544554213,0.016342179180218963,0.0838573232940187,115
free delivery,0,0.11021248204356744,0,2
business day,0.02561362401715742,0.03266406407405948,0.12494450740076792,11
only thing,0.011437758524605962,0.01643837381918001,0.04575103409842385,6
taco bell,0.022112124440034242,0.01301674320867896,0,3
company need,0,0,0.2742211094400982,2
follow instruction,0.06703182676725851,0,0.1371105547200491,2
many other,0,0.06951677211790297,0,4
business day,0.02546928939400225,0.032479999711449666,0.12424043606830368,11
tip amount,0,0.13647769799350304,0,1
own risk,0.016300173815133333,0.022744428709375104,0,2
ur food,0.01950687523035412,0.013968782211891795,0.08802313310905975,31
true cost,0.016634025136047535,0.04869232824429615,0,3
get ahold,0,0,0.2721116306758851,1
get refunded,0,0.023648251943250164,0.1351328682471438,2
hidden fee,0,0.0064165012565685145,0,1
grub hub,0.01597289421585993,0.01462396112922873,0.1268202591152627,17
delivery driver,0.011228621852229755,0.047772682096957626,0.09799524532709257,11
push notification,0,0.06512600674538245,0,2
person deliver,0.04486151243546008,0,0,1
customer service,0.04430545412444314,0.01593374951711625,0.08176153068741648,115
take care,0,0.07977050009999376,0,1
next order,0.013422920696356125,0.009843475159430596,0.107383365570849,5
get rid,0,0.06711460348178062,0,1
uber eats,0.024021565253656955,0.03287226491546688,0.061543170865507014,109
uber eats,0.02398741157011126,0.03282552737270071,0.06145566924103151,109
uber eats,0.023960136307370313,0.032788202591696985,0.06138579010794663,109
support number,0.040146306730597096,0,0.13382102243532365,2
chicken sandwich,0,0.04860496434355545,0,1
bank account,0.011584183156963199,0.05198030900795234,0,3
hour late,0.027314236007891082,0.00022256781269461,0.10015551070479897,8
different place,0.009300154546368379,0,0.20031102140959794,4
be great,0,0.20024220540487828,0,3
customer service,0.043949334996698806,0.015805676956031686,0.08110434647461817,115
door dash,0.0063399695035888165,0.04445805421532672,0.04758375961886361,28
go get,0,0.005372671700650321,0.17763519844607545,3
driver drop,0,0.0666131994172783,0.1332263988345566,2
many time,0,0.10079698746132501,0,7
dash pas,0.024665394541700764,0.02682963543440983,0.04697516318653375,17
couple time,0,0.008860437502256834,0.1329065618693197,2
food arrive,0.057576312146285426,0,0,2
few minute,0.029895392868183122,0.0018981202105786675,0,4
delivery window,0.019916923680181498,0.013277949120121,0,2
multiple time,0.021414211289762664,0.005430168958738075,0.07240225278317433,11
final straw,0.0928940156342637,0,0,2
customer experience,0.0621399878373248,0.02654114732407534,0,3
re open,0.008819509140638778,0.00844126094494432,0.04409754548270617,6
business day,0.0246545367926039,0.031440977230337445,0.12026603313465319,11
door dash,0.006280539767189168,0.044041312393246566,0.047137717995248136,28
customer service,0.043534640630439554,0.015656538745201592,0.08033906719190119,115
different delivery,0.021991602956590472,0,0,1
something go,0.0659690222921493,0.003298451114607465,0,3
next door,0.0659690222921493,0,0,1
multiple time,0.02122552226627428,0.0053823216080074385,0.07176428810676584,11
negative review,0,0.12478198842769614,0,1
uber eats,0.023502634275007952,0.03216213481266704,0.06021367141161367,109
wait hour,0,0,0.2624485342073792,1
someone el,0.007998087141744626,0.02955881256019609,0.0262039171124963,10
customer service,0.04321600329233131,0.015541945911597917,0.07975105208151047,115
someone el,0.007991200875132751,0.029533362741956736,0.026181355822988677,10
ur food,0.018587395780993804,0.01331034727422232,0.08387405946162355,31
uber eats,0.023276855042731314,0.03185316765513851,0.05963522576399839,109
complete opposite,0,0.020553043093892404,0,2
double check,0,0.021956410031270523,0.12939122698921485,6
wrong location,0.12909876008733115,0,0,1
debit card,0.03832619440092643,0.008976398162322244,0,8
something go,0.06454938004366557,0.0032274690021832785,0,3
other apps,0.018581000134700664,0.0021516460186686874,0,5
dash pas,0.023895152894332947,0.02599180968788306,0.04550824048975726,17
be able,0.005365414104981547,0.06904959447188168,0,8
many issue,0,0.04934970519123435,0,3
door dash,0.0061209949041486295,0.042922528751335044,0.04594027620833606,28
customer satisfaction,0,0.0160597841468283,0,1
uber eats,0.02300353772358444,0.0314791470937759,0.05893498769478275,109
first time,0.0007628397469743442,0.04245620038063563,0,16
issue resolve,0,0,0.2567878783026507,1
correct address,0.0035936073566450637,0.0035294357967049733,0.12834311988018085,4
last time,0.024782769000062627,0.0010682228017268372,0.08545782413814697,6
front door,0.03200610262228069,0.013602593614469291,0.06401220524456137,4
real human,0,0.040007628277850864,0,3
true cost,0.01563510095967811,0.045768204739063754,0,3
debit card,0.03794423492467839,0.008886939232358886,0,8
be punish,0,0.127472575641277,0,1
uber eats,0.02281695552487393,0.031223819041679535,0.058456964717743205,109
door dash,0.006064055114017316,0.04252324729182103,0.04551292253024292,28
customer service,0.041992263873124824,0.015101847558806178,0.07749275657243337,115
big deal,0.022321047213756523,0,0.08476347053928233,3
second time,0.012714520580892348,0,0.16952694107856467,6
only reason,0,0.02412032705394938,0.07229643085977641,7
long time,0.025703553733620932,0.018961638000212163,0,3
someone el,0.007712348033933619,0.028502796467945707,0.025267757782873768,10
timely manner,0.002998322583464843,0.04533145767706528,0.0419765164203669,6
priority delivery,0.0346306260468027,0.01259295492611007,0.06296477463055035,4
support claim,0,0,0.2518481697997485,1
gift card,0.01740450744866119,0.010643583372533374,0.12592408489987425,14
have delete,0,0,0.2518481697997485,2
speak english,0.0052444266426837855,0.037759871525244286,0,2
be nice,0,0.1114615467014655,0,6
delivery driver,0.010488853193828489,0.04462530271165233,0.0915390824854407,11
hour wait,0.004716031654182583,0.022008147719518718,0.06288042205576777,4
uber eats,0.02251699256369572,0.03081333530256612,0.057688460601621805,109
customer service,0.041434792207742245,0.014901361770890619,0.07646399527030293,115
escalation team,0.022332341503686442,0.020936570133535323,0.08374628053414129,3
loyal customer,0.007900689088260787,0.042361685949954445,0,8
first place,0.00784230801530349,0.041825642769198104,0,4
estimated delivery,0.013770925933920491,0.03922627385568754,0.05007609430516542,5
leave review,0,0.2000059771069553,0,1
payment method,0,0.025693538689962735,0.09986152695685048,5
business day,0.023207695513595347,0.029595876505392305,0.1132082707980261,11
dasher do,0,0.008301939900031613,0.1245290978778287,2
customer service,0.041075155907227746,0.014772024314748871,0.07580032044737399,115
customer service,0.04102205767337429,0.014752928382323807,0.07570233267222419,115
save money,0,0.025354371818704,0.06209233919853415,4
delivery address,0,0.04887396503351267,0,2
multiple people,0,0,0.2477642347683002,2
grub hub,0.014679640832462218,0.013439924789072358,0.11655219329276842,17
door dash,0.005892773844494621,0.041322163917177114,0.044227394776273736,28
customer service,0.040846774504437286,0.014689890587912221,0.07537886414043175,115
other time,0.023477293669747594,0.044374664994946876,0,2
double check,0,0.020990569504804196,0.1236994362721804,6
multiple people,0,0,0.2470430032558091,2
delivery instruction,0.04115148659307222,0.00548686490651062,0.08230297318614443,3
last night,0.023044832508581033,0.0010973729648415293,0.14814535173506,5
delivery service,0.03129652125996823,0.04121195441564765,0,9
door dash,0.005834595138898773,0.040914194754850135,0.04379074259041662,28
inflated price,0.011919268639231446,0,0,2
resolve issue,0,0.0229871609996313,0,1
missing item,0.03411385943337002,0.002856591740378987,0.012211384509195344,20
first time,0.0007247990503354668,0.04033902774309939,0,16
customer service,0.040220469523899585,0.01446464999669335,0.07422307745687613,115
uber eats,0.02177110803333932,0.029792631047064217,0.05577750689760895,109
think uber,0,0.13354962547597066,0,1
apple pay,0.005058697853756691,0,0,1
opposite direction,0,0,0.242790438253939,1
order something,0,0.05665110225925244,0,3
uber eats,0.021735344301012493,0.029743690236130417,0.05568588033347225,109
re open,0.008079778422057761,0.007733255553152042,0.04039889190829435,6
delivery driver,0.010057302002572769,0.042789248551156324,0.08777281754083349,11
be fair,0.020058222852054452,0.054157201592232626,0,2
order detail,0.02406986737432561,0,0,1
technical issue,0,0.0600795880351821,0,1
wrong house,0.1201591760703642,0,0,3
many option,0,0.18774871260994405,0,1
be deliver,0.004545855981270226,0.018792711517936822,0.09596278226008707,10
add menu,0.011957510999735495,0.01793626649960324,0,2
last night,0.02230776824191942,0.0010622746668051248,0.14340708145276265,5
customer service,0.03938491090911586,0.014164154675339958,0.07268113295650176,115
add note,0,0.09552377474283089,0,1
same price,0.0069652752416647515,0.009950393202378217,0,3
customer service,0.0393758666138958,0.01416090203889952,0.07266444256395767,115
uber eats,0.021287379932585587,0.02913067425502663,0.054538197100650485,109
ten minute,0,0,0.2377865393588361,1
cancellation fee,0.029062799202127405,0,0,1
get food,0.03680029777489986,0.021852142665668327,0.03963108989313935,6
uber eats,0.02127352190238673,0.029111710260170634,0.05450269287303743,109
recent order,0,0.0514134761897315,0,1
uber eats,0.021238665323085045,0.029064010841054817,0.054413390431955894,109
customer service,0.03912646925961863,0.01407121026049855,0.07220420330362147,115
customer service,0.03907528077202054,0.014052801137837105,0.07210973978479966,115
missing item,0.03308987579575089,0.0027708464377339073,0.01184483970489038,20
specific instruction,0.01230640518914219,0,0.11814148943771224,2
chat support,0,0.05905415351438295,0,1
dash pas,0.02175089636447338,0.02365940746837986,0.041424510945774116,17
uber eats,0.020981476750468964,0.028712061631959065,0.05375447415809828,109
contact customer,0,0,0.2343164542146581,2
half hour,0.054673839238648075,0,0,1
delivery driver,0.00976206248671256,0.04153313861003754,0.08519618176417956,11
exact same,0,0.012762992743672581,0,3
help center,0.023407141380219803,0,0,1
delivery service,0.02987267458611252,0.03933700148620273,0,9
ur food,0.016733144743691475,0.011982526769893372,0.0755069076781284,31
refund request,0,0,0.2340066481356039,2
customer service,0.03857665626369439,0.013873478790831052,0.07118957535257199,115
wrong address,0.06849742055308053,0.003997954427563112,0,10
uber eats,0.02089958869629625,0.028600002081228176,0.05354467723368562,109
uber eats,0.02088533317160197,0.028580494135792025,0.053508154626487746,109
ridiculous amount,0.07776518464606368,0,0,1
door dash,0.005547725128532649,0.038902563237318534,0.041637679613158514,28
business day,0.021706085211577412,0.02768093096365537,0.10588334249549959,11
delivery service,0.029728709212171918,0.03914742468375277,0,9
few month,0.06973029949046446,0,0,2
main issue,0,0.038739055349958355,0,1
money spent,0.03475322057472184,0,0,1
business day,0.02158912187217569,0.027531772140601877,0.10531278962036922,11
door dash,0.005512443950466704,0.03865515944044719,0.04137288163657362,28
right location,0.0008791737678754948,0,0,1
ice cream,0,0.0038451445681021885,0.15380578272408754,3
missing item,0.03222551575501927,0.002698467533849104,0.011535433704306566,20
late night,0.034532581589802776,0.034820353103051135,0,2
grub hub,0.013645009187079782,0.012492669222193357,0.1083375108699695,17
whole day,0,0.02491465351158323,0,2
door dash,0.005471372528955749,0.038367152458205246,0.04106462579287027,28
ad be,0.00919847617760294,0,0.1839695235520588,5
payment method,0,0.023662402548370244,0.0919672326362356,5
past month,0.04776642027683612,0,0,1
specialized team,0.0038271781833279623,0,0.15308712733311847,3
customer service,0.03787113451648758,0.013619749153678558,0.06988760160859757,115
follow simple,0,0.011714680303370938,0,3
ur food,0.016360871631379816,0.011715943733511779,0.07382705658301589,31
few year,0,0.0568998302648406,0,1
customer service,0.03743791199948162,0.013463947589118149,0.06908813037376552,115
grub hub,0.01345455322573918,0.012318297531137562,0.10682534444346936,17
same exact,0.01888736058126575,0.014585239518005527,0,3
credit card,0.009679772293176856,0.013848763661108283,0.07082760217974657,16
inedible food,0.022596904494221984,0,0,1
customer service,0.03726687546833343,0.013402437030216367,0.06877249861089352,115
customer service,0.03720233503991857,0.013379226095120178,0.06865339534646024,115
uber eats,0.02005503532677652,0.027444274641948332,0.05138093428952092,109
second time,0.011187312127578265,0,0.14916416170104355,6
be true,0,0.061472122633668407,0,1
uber eats,0.019940188296581667,0.027287112443671293,0.05108669657736342,109
gift card,0.015392786583735149,0.009413332024641747,0.11136899853865224,14
many time,0,0.08431161012385567,0,7
multiple time,0.01796462363115396,0.004555430049573677,0.06073906732764903,11
timely manner,0.002648745678008622,0.04004622560031667,0.03708243971461535,6
multiple time,0.017943563706726232,0.004550089719904122,0.06066786293205496,11
phone number,0,0.012462508489215854,0.07410140190787957,3
be hard,0,0.010497698554215338,0,1
only reason,0,0.021142716749767854,0.06337156856408172,7
credit card,0.009452520834636886,0.013523637031509715,0.06916478662864296,16
get refunded,0,0.019347731607315902,0.11055846632751945,2
be ashamed,0,0,0.22101678237598,2
credit card,0.009437456110826909,0.013502084065866986,0.06905455694217472,16
lunch break,0,0.009148483286415482,0.14637573258264772,3
uber eats,0.019627034185318318,0.02685857730051491,0.050284396778278416,109
timely manner,0.0026099996266411196,0.039460426394652276,0.03653999499221565,6
door dash,0.005216270720023233,0.03657829053299727,0.03914999463451677,28
uber eats,0.019624239487830857,0.026854752902096397,0.050277236772543074,109
customer service,0.03605928519907903,0.012968146461484984,0.06654400483267497,115
delivery fee,0.003895879878844251,0.009653151513980605,0.08555657764201068,23
support system,0.1093222936536803,0,0,1
double check,0,0.018520797154412776,0.1091448312914002,6
least get,0.0652490635563878,0,0,1
delivery fee,0.0038754296329841557,0.009602480207902189,0.08510747420398411,23
customer service,0.0358700028621505,0.012900074089714175,0.0661947021586543,115
most part,0,0.08648758260543896,0,2
missing item,0.030358499030531356,0.0025421291821378757,0.010867117087936895,20
customer service,0.03579757774260821,0.012874027551283654,0.06606104844149875,115
door dash,0.005159587666527616,0.03618080939937795,0.038724567857546965,28
front desk,0,0,0.2165115312183648,2
door dash,0.005151354294941531,0.036123074156307465,0.03866277343185086,28
be great,0,0.1613542493988249,0,3
make thing,0,0.1075694995992166,0,1
uber eats,0.01923318596952988,0.026319616464733794,0.04927535894983578,109
fix issue,0.05023950860069227,0.0035725872425455773,0,2
full refund,0.0061230678019070315,0.031380722484773534,0,7
re open,0.007110114623979172,0.006805178375848461,0.035550572942143,6
customer service,0.03516089420999417,0.012645054479439031,0.06488610912039887,115
gift card,0.014694925655992444,0.008986560914412235,0.10631987554723217,14
estimated delivery,0.011695186310195537,0.03331356099062342,0.042527950218892864,5
have problem,0.002657996888680804,0,0,1
uber eats,0.019036162360256365,0.026049999884371514,0.048770585113409246,109
google map,0.010631186103129686,0.0637871166187781,0,2
one accept,0.005302364466651031,0.010604728933302061,0,2
mark deliver,0,0.02892198792278941,0,1
customer service,0.034970479129729656,0.012576574734604579,0.06453471607554562,115
dinner time,0,0.2115955646332157,0,1
other fee,0.02925590907204471,0,0,1
delivery driver,0.008812020819657788,0.037491143150901234,0.07690490902748971,11
customer service,0.03478074991177627,0.012508341649204835,0.06418458872480401,115
next order,0.01054461100478923,0.007732714722785953,0.08435688803831384,5
company do,0.02106193555603633,0.015545714308890715,0.07020645185345444,3
real person,0,0.026249456983529172,0,4
whole meal,0.04375505627626422,0,0,1
delivery service,0.026793630839984643,0.03528244828346329,0,9
elderly mother,0.026243143351336325,0,0,1
payment method,0,0.021502604181310916,0.08357287460498032,5
dash pas,0.019359647786863526,0.021058341125741113,0.036870385855138375,17
uber eats,0.018668350278287216,0.025546668145997025,0.04782825177384558,109
bad luck,0.05558475047725294,0,0,2
first order,0.014590997009398272,0.03784229665560539,0,5
incomplete order,0.02774106722173468,0,0,1
only solution,0.02080580046831551,0,0,1
time pass,0,0.032509063231742984,0,1
customer service,0.034313325663418534,0.012340239977779922,0.06332200142530808,115
someone elses,0,0.05699996538598577,0,1
uber eats,0.01854232666935621,0.025374211379977068,0.04750537970386888,109
driver take,0,0,0.2071234555088683,1
uber eats,0.01846746140766134,0.02527176215614787,0.04731357515059661,109
first order,0.014372353910973659,0.0372752375994658,0,5
uber eats,0.018380816860451926,0.0251531935916404,0.04709159210672889,109
arrival time,0.0017084877873926633,0.02050185344871196,0.06833951149570654,3
extra fee,0,0.0249828372548868,0.06833951149570654,6
order arrives,0,0.10592624288668463,0,1
customer service,0.033674376432039146,0.012110452083532015,0.06214288097114474,115
re order,0.009831069544422222,0.007292276838931704,0.0907483341165923,9
delivery fee,0.003638212040253063,0.009014706088671822,0.07989798982004323,23
uber eats,0.018263738040538654,0.024992977305002155,0.04679163655668175,109
missing item,0.02832818736098548,0.0023721170040391843,0.01014034747341246,20
star review,0,0.0038026303025296723,0.1014034747341246,2
different place,0.007062027690211753,0,0.1521052121011869,4
driver only,0,0,0.2021589403368407,1
next order,0.01008297160053951,0.007394179160285011,0.08066377280431608,5
other person,0.00882260015047207,0,0.1008297160053951,2
luck next,0,0.05033225517322975,0,1
be able,0.004194354606157855,0.053978775721629964,0,8
debit card,0.029815071328642077,0.006983003548024066,0,8
get food,0.031085387665262153,0.018458609499139123,0.03347657131637005,6
full refund,0.00573884079709201,0.029411559085096545,0,7
menu option,0.021720817869972955,0.013366657096771857,0,2
multiple time,0.01615107932185132,0.004095555441986368,0.054607405893151585,11
customer service,0.032884761470424226,0.01182647966383847,0.060685721143057016,115
ur food,0.014153836934746549,0.010135496499021566,0.0638679982210818,31
order direct,0,0.023069742094002577,0,1
full refund,0.00562303354194216,0.028818046902453567,0,7
last night,0.018368576250131465,0.0008746940977773949,0.11808370438078535,5
customer service,0.03239509775896342,0.011650379924422107,0.05978209301504671,115
only way,0.008593675870912965,0,0,1
delivery driver,0.008177325318267242,0.03479080228847576,0.07136574828405283,11
customer service,0.0322447673096843,0.011596315977421787,0.05950467237045824,115
contact support,0.005280121400552223,0.020719196337880393,0.08689571203305013,9
missing item,0.0270853317458853,0.002268044021868603,0.009695455336976124,20
own food,0,0.045245458271540105,0,2
exact same,0,0.010563258378276734,0,3
dash pas,0.017967609834585105,0.01954416016636704,0.03421925413050397,17
gift card,0.013371851959966308,0.00817744607831595,0.09674724932275365,14
dash pas,0.01770228251254099,0.019255551958247893,0.0337139391139614,17
delivery apps,0.00875193936786406,0.026189515543231925,0.03182523406496022,6
be hot,0,0.047737851097440324,0,1
missing item,0.026672198238667,0.002233449467514569,0.009547570219488065,20
gift card,0.013047797093481766,0.007979272990173274,0.0944026663094288,14
uber eats,0.016864086942423428,0.02307762744329972,0.04320573506467608,109
confirmation email,0,0,0.1863309865326677,1
many time,0,0.07053958775879562,0,7
support person,0.012422065737789348,0.02329137331658346,0,2
free trial,0.01652869893960191,0.03726235054936516,0,2
uber eats,0.01667919924030068,0.022824618221810058,0.0427320533822995,109
customer service,0.030726892035035154,0.011050436358254527,0.056703576922946974,115
only reason,0,0.017569802704393064,0.05266238818391485,7
timely manner,0.0021942661611641886,0.033174977290830666,0.030719726440617,6
apartment building,0,0,0.184318358643702,1
dash pas,0.01702340723683853,0.01851710943620602,0.0324210233730228,17
re order,0.008845736020322452,0.006561397578648941,0.08165294775427964,9
multiple item,0,0.04573068321938638,0,1
ur food,0.013076661162640604,0.00936413596142709,0.05900733318630501,31
customer service,0.03015850417022267,0.010846024733422673,0.05565467080586505,115
delivery fee,0.0032583538171691707,0.008073499199524088,0.0715560053218265,23
right address,0,0.02292347744529447,0,2
delivery driver,0.0076193894500234845,0.03241703877458503,0.06649648979402058,11
customer service,0.02987448335111259,0.01074388117844104,0.05513053721156063,115
uber eats,0.016205353227495334,0.022176184554078777,0.04151806146203612,109
countless time,0,0.0015084895664539792,0.12067916531631834,3
other apps,0.013026884914393471,0.0015084895785218958,0,5
be able,0.0037712239236773956,0.04853334290652636,0,8
negative rating,0.01810187479744775,0,0,1
full amount,0,0.04084844356568701,0,7
delivery guy,0.026830081092793907,0,0.08943360364264635,2
owe money,0,0.03577344145705854,0,1
promo code,0,0.02617037536759437,0.0596224024284309,3
calculate tip,0,0.07985143174713401,0,1
restaurant page,0,0,0.1788562980955636,1
dash pas,0.01657281720634287,0.018026982824683974,0.031562876134511225,17
next thing,0.0018477658378572702,0,0,1
customer service,0.029254759724973274,0.010521007466301498,0.053986895795901324,115
use grubhub,0.057301089182499786,0,0,2
order arrive,0,0.0017439461928899819,0,1
customer service,0.028761495500854287,0.01034361285996723,0.053076623261869016,115
contact customer,0,0,0.1743912995075247,2
service fee,0.006135990193693098,0.027902607921203953,0,3
pick ups,0,0.03487825990150494,0,1
credit towards,0.009146994649838838,0.011626086604769763,0,2
take responsibility,0.026024090144793975,0,0,1
regular basis,0,0.021511842151608913,0,1
only reason,0,0.0163908894775248,0.049128803485609454,7
door dash,0.0040911426285646785,0.028688504050438244,0.03070550217850591,28
ur food,0.012175603877285735,0.008718893049329369,0.05494138800384639,31
app crash,0.020527286567160928,0,0.08501029111330274,4
uber eats,0.015202193972820256,0.020803413195348883,0.03894797076378805,109
few month,0.050935381022665295,0,0,2
second time,0.008489230170444215,0,0.11318973560592287,6
uber eats,0.015199638167970929,0.020799915709102994,0.03894142280020282,109
be nice,0,0.07517684940769959,0,6
app crash,0.02049879587061287,0,0.08489230170444215,4
final straw,0.05828011392308826,0,0,2
food arrive,0.03607816573415935,0,0,2
uber eats,0.014906898442135405,0.020399316592545364,0.03819142458917972,109
loyal customer,0.005240374585511133,0.028097688691659836,0,8
eat dinner,0.04975053345752676,0,0,1
uber eats,0.014795712314038229,0.02024716414872495,0.03790656609610892,109
star rating,0,0.041318157044758726,0,1
uber eats,0.014741539188347981,0.02017303103873881,0.03776777472695924,109
small percentage,0.01235006233571567,0.009742826926286668,0,2
quality control,0.01235006233571567,0,0.08233374890477115,2
dash pas,0.015258083556919485,0.016596889158525724,0.029058970201683937,17
only thing,0.006861145742064262,0.009860855017466206,0.02744458296825705,6
app crash,0.0198809865933095,0,0.08233374890477115,4
customer service,0.027073478804918928,0.009736544593875233,0.04996154789218788,115
driver message,0,0,0.1641593716457602,1
client do,0.11437368145252139,0,0,1
customer service,0.02694675310776927,0.009690969719276427,0.04972768758805277,115
uber eats,0.014627260819324223,0.020016647023751083,0.03747499392284449,109
someone el,0.004976463451400522,0.01839169138391357,0.01630425293983753,10
credit card,0.006963274689658892,0.009962294831298592,0.05095079043699228,16
specialized team,0.0027173754899729213,0,0.10869501959891686,3
complete opposite,0,0.012857163069150869,0,2
uber eats,0.014497867095472643,0.01983957843042949,0.03714348762956871,109
company need,0,0,0.160845362558785,2
be nice,0,0.0701699982356145,0,6
first time,0.0004621388937432282,0.02572055474858162,0,16
customer service,0.025673038752142465,0.009232898678137591,0.04737716805422568,115
real person,0,0.019153774118246297,0,4
place order,0,0,0.1535043080449151,1
app crash,0.018533208622541902,0,0.07675215402245755,4
poor service,0.02103319129618449,0,0,3
uber eats,0.013664286760425552,0.01869886701913542,0.03500785756349216,109
delivery fee,0.002719686527314731,0.0067387976362580275,0.059726449164844875,23
company do,0.01526342589768258,0.011265861950294153,0.050878086325608606,3
customer service,0.02498423396945897,0.008985181030494397,0.04610604388926772,115
dash pas,0.014037176412630734,0.015268854712324042,0.026733756540835905,17
door dash,0.003596921702596589,0.025222856351565133,0.026996195733645926,28
uber eats,0.013533980310451024,0.018520549407500825,0.03467401286890302,109
uber eats,0.013433894318427819,0.018383586923608843,0.03441759288780333,109
make sure,0,0.05138558325834106,0,7
someone el,0.004580225887281074,0.016927302251919112,0.01500607049908225,10
dash pas,0.013904618736652307,0.015124665892861978,0.026481300880733385,17
fix issue,0.03517047773222402,0.002501011724836924,0,2
re open,0.005002023524704201,0.004787498391517076,0.025010117498470416,6
do anything,0.014093002721758905,0.010282433425114706,0.05002023499694083,18
be miss,0.0298375277951211,0,0,1
minute drive,0,0,0.1477593376149689,1
wrong order,0.04380008937499145,0,0,2
whole hour,0,0.020932572878040373,0,1
someone el,0.00431774007254518,0.01595722417450069,0.014146095306183179,10
be deliver,0.002680460505404822,0.011081107985128126,0.056584381224732715,10
different location,0.0029471032123649875,0,0.0707304765309159,2
door dash,0.003365712135612012,0.023601535072608835,0.025260884475327105,28
dollar coupon,0.011714735175432945,0.0707304765309159,0,2
extra fee,0,0.017047800430832986,0.046633548529062006,6
right address,0,0.017537545234665195,0,2
menu price,0,0.005246274209519475,0.069950322793593,2
ur food,0.009909936654592243,0.007096459336871947,0.0447177553015849,31
uber eats,0.012368303700747454,0.016925381485872335,0.031687553243671465,109
real person,0,0.017238877708699647,0,4
customer service,0.022570172509793464,0.008117002351878547,0.041651121487132625,115
many refund,0,0,0.1368536848862929,1
grub hub,0.008111338777422634,0.007426324959270893,0.06440173406413784,17
delivery fee,0.0024385031610441852,0.0060420857965115945,0.05355144191202766,23
most part,0,0.054456362088195105,0,2
uber eats,0.012167396938376323,0.016650451012098687,0.031172830781830228,109
push notification,0,0.032845772677802865,0,2
ur food,0.009716098764324962,0.006957652929306328,0.04384307813186445,31
make sure,0,0.04654114239655503,0,7
missing item,0.01864662832366567,0.0015614124388164618,0.00667474018016261,20
customer service,0.022016219358578473,0.007917781941432346,0.040628853270555015,115
error message,0.01292082879017536,0,0.0646041439508768,2
debit card,0.01917935523541655,0.004492006884084403,0,8
single thing,0.011536454240025631,0,0,1
other delivery,0.015181973828456046,0.0121132769907894,0,2
get food,0.019630065325398283,0.011656399919665036,0.021140070340671963,6
delivery service,0.016187635177392835,0.021316237593510902,0,9
second time,0.00634202110220159,0,0.08456028136268785,6
different place,0.004416764687116077,0,0.09513031653302384,4
food bag,0,0.021892725314000258,0,1
main reason,0,0.010524394012613113,0,1
re order,0.0060233953337536054,0.004467903119348971,0.0556005722260324,9
other time,0.011815135912352826,0.022331905259421636,0,2
love uber,0,0.0004616414897518951,0,1
extra fee,0,0.015188580851921277,0.041547730753852104,6
customer service,0.020556394618472182,0.00739277927060067,0.03793488460134322,115
entire amount,0,0,0.1246431922615563,1
uber eats,0.011158440662101607,0.015269746730275242,0.028587888133384476,109
message say,0,0.05635743035180126,0,1
dash pas,0.011393622930066682,0.0123933452178926,0.02169911758438915,17
contact support,0.0033018277131220053,0.012956371922599097,0.05433865026516004,9
credit card,0.005221604671370598,0.007470503110545556,0.03820686346769066,16
full time,0,0.02954664106130378,0,2
only thing,0.004678564509059496,0.006724044066118096,0.018714258036237982,6
extra fee,0,0.013682721829074358,0.037428516072475965,6
go get,0,0.002264091023164785,0.07485703214495193,3
be complete,0,0.06737132893045673,0,1
credit card,0.004708881555067771,0.006736954732938585,0.034455230907547214,16
first time,0.0003273246936216986,0.01821740783310335,0,16
grub hub,0.006469030798438203,0.005922712168606864,0.05136227354889421,17
live activity,0,0.022542128518117696,0,1
ur food,0.007802474596783232,0.0055873156038177335,0.03520801009400006,31
customer service,0.018000375165973616,0.006473547665331561,0.033217992132165274,115
delivery driver,0.004545249835412026,0.019337972041089693,0.039667634956081416,11
menu price,0,0.004090724854845896,0.05454299806461195,2
door dash,0.0025954304212624226,0.018200053851249027,0.01947964216593284,28
customer service,0.01799067195804711,0.006470058061451659,0.03320008577845945,115
only thing,0.0045452498387176625,0.006532443904080639,0.01818099935487065,6
inflated price,0.005294578302747615,0,0,2
only problem,0,0.011163996561025532,0.05445851980988065,2
free trial,0.009662605448804137,0.021783407923952263,0,2
uber eats,0.009750587269447887,0.013343172454337644,0.02498097238985351,109
grub hub,0.006455529551315237,0.005910351120542929,0.05125507746812297,17
many time,0,0.04123287928462392,0,7
ice cream,0,0.001682253372496727,0.06729013489986907,3
be deliver,0.0019125618599885683,0.00790659084737011,0.04037408093992144,10
delivery time,0.012336524726035152,0.0030097458359991734,0.033645067449934535,6
delivery option,0.011535451668281783,0,0,1
delivery fee,0.0017984960375391596,0.00445628594504038,0.03949638352818402,23
full refund,0.0028838629242801035,0.014779797486935527,0,7
arrival time,0.0008411266862483635,0.01009352023498036,0.033645067449934535,3
past couple,0.032803940763686174,0,0,1
priority delivery,0.013878590323097996,0.005046760117490181,0.0252338005874509,4
