extracted_features,meaningful,weight
social medium,,1.2005711864512416
independent contractor,,0.9066557029998552
holiday season,,1.4033170327489097
term condition,,0.7122378789247228
taste mouth,,0.6785518072704797
ring doorbell,,1.0293811842354494
elderly mother,,1.1788478039307226
shake shack,,1.5243823605957967
wan na,,0.5938638873562789
panda express,,1.1824251345050492
mac cheese,,1.1929484372455608
taco bell,,2.478866263424787
false advertising,,1.015484906776043
ice cream,,2.057340817821952
college student,,0.8663355746656036
timely manner,,2.3986075575448322
burger king,,1.1952591627115807
boneless wing,,1.201718226288858
screen shot,,2.7984857109296053
suspicious activity,,0.7908605387474212
final straw,,3.124699554259626
specialized team,,0.9707079761040145
escalation team,,1.7228526899501517
regular basis,,1.2527559499113292
bottom line,,1.2837636865018105
opposite direction,,1.8786286847676548
third party,,1.1526765667466103
promo code,,1.2030528031298255
apartment complex,,0.803066287094363
payment method,,3.807209268792275
front desk,,1.7134717564971704
chicken nugget,,1.2461063432862045
grub hub,,18.15553425578345
piece chicken,,1.6384969000312481
paper bag,,1.083946511876903
small percentage,,1.0849915848680436
empty hand,,1.1069116350493473
towards next,,1.0830166625657005
bag chip,,1.297406998881113
liquor store,,0.8188792529374007
hot fresh,,1.707480309134941
chicken sandwich,,1.873713670587574
speak english,,2.7486402303096913
speak spanish,,2.2023145130934636
google map,,0.781895845760399
plus membership,,1.3556433773864969
free trial,,2.311280413800918
automated system,,1.2066117371536416
hold accountable,,1.6558928116439482
apartment building,,0.9038607751626684
live activity,,1.0191507290480035
text shake,,0.9530788873629448
shop grocery,,0.6842891710331098
hard earn,,1.2186273448071956
parking lot,,2.218774056530682
real human,,1.4297968324103962
someone elses,,1.178980924338689
business bureau,,1.2917886231844162
business model,,0.8815385622245755
easy navigate,,1.7032816190451174
authorization hold,,1.158170763183474
negative rating,,1.0329231292480001
spend thousand,,1.4418668793735607
significant amount,,1.019207444302185
file complaint,,1.310801182931105
inflated price,,0.9015191929710256
high school,,0.9630064575101251
complete opposite,,0.7948580088502984
transfer supervisor,,0.7614357435066947
quality control,,0.765610895376708
hundred dollar,,0.9664049085940144
debit card,,3.1121692045047142
gift card,,12.435363707567843
answer question,,2.215219961653583
original estimate,,1.330446013168138
last resort,,1.4971823716295614
someone el,,1.6330102016903894
spill drink,,1.1564736284286654
dash pas,,11.570799172425104
jack price,,1.4243997878540866
cold nasty,,1.2198366284364408
late arrival,,2.947244999172466
home page,,1.4707855542353896
re open,,0.7904524149717673
follow simple,,1.4589026974627786
own risk,,1.2862547775122641
friend family,,1.1418869232472473
business practice,,1.5936458056779603
write review,,8.057814097001945
talk human,,1.4975080276924786
date night,,0.947118221947304
follow instruction,,3.430262595244789
lunch break,,0.8477762287061548
star rating,,2.0400224014162056
high level,,1.574252477259091
cart total,,0.9525279229425105
method payment,,1.1543482616654956
specific instruction,,1.254579721622322
door dash,,29.422539458107728
hidden fee,,1.0713954160540795
double check,,3.1887320074970136
click button,,0.8789974032870436
live apartment,,1.2492501429698748
low quality,,0.8397912459356804
credit towards,,0.7667258935280699
push notification,,1.3260832217433889
pick ups,,1.5811036952590451
drive thru,,0.8798353216477742
only solution,,1.6269614637293686
issue arise,,2.4943821905150014
multiple occasion,,2.0654620631077103
follow direction,,1.542351164527124
verification need,,1.057145048489155
speak supervisor,,2.1637429788524245
quick easy,,1.4253188825144703
ice cold,,2.907874729569645
solve problem,,2.393368683672868
apply coupon,,1.0544465535584662
submit complaint,,1.0040458479114331
take advantage,,3.722283525283051
renew dash,,1.1987759735579968
luck next,,1.9504221603055862
simple instruction,,0.9792229794729819
buy gift,,1.3202441310961979
cold soggy,,2.118445273378045
main reason,,0.874767037731611
exact same,,2.3289462666241634
shady business,,1.6216643164320848
missing item,,3.0104231619842774
provide proof,,1.190544006329934
include chicken,,0.9332468639757938
turn notification,,1.8557206695396211
recommend anyone,,2.0304765813337315
grocery store,,2.635849039348731
knock door,,1.5857355855745268
open box,,0.9171636069317127
someone hack,,1.2827152772746595
poor quality,,1.3762543296312453
confirmation email,,1.7691903479847908
true cost,,1.1567456185705165
big deal,,3.0423463435304408
help center,,1.5761151906589814
only reason,,4.4481160846005485
calculate tip,,1.1500193753854413
make sense,,7.571118090375999
owe money,,0.9506641525789219
full amount,,3.957027764542303
needless say,,1.7287292252830002
cover cost,,0.7267917886737114
last night,,4.56588321107263
last straw,,1.132801012488882
technical issue,,0.9672153931399934
neighbor house,,1.0301963466258246
please fix,,5.198398133014609
apple pay,,3.958637507675476
pay attention,,2.539682744882403
help section,,0.9937004981212096
stop respond,,1.0984420385371958
speak representative,,1.0210571538544748
edit tip,,2.4661153309941573
pay premium,,2.411834283031599
most part,,1.3008553571316854
accept cash,,1.1598646291044383
large amount,,0.706684360924292
uber eats,,73.54386499712982
go downhill,,1.99693899498404
offer compensation,,1.5650155709058307
location mile,,0.8059593695169879
card file,,1.3775006893362085
discount next,,1.3091416481710305
end conversation,,1.16443513396622
past couple,,0.8546532685856176
increase amount,,0.7065010170048345
front door,,3.5908555648106666
negative review,,0.8343319478264178
couple month,,1.578264711613491
sad see,,1.1913194558113402
good luck,,2.9685877983931106
ten minute,,0.9855504676743985
access account,,1.036545186731276
due poor,,1.0932331506152326
correct address,,2.7388338355831605
error message,,1.6008926680824485
real person,,1.4527686899355654
talk real,,0.8255215903214765
forget bring,,1.2203047220434295
answer phone,,2.343186941569761
go forth,,1.4051425852028452
deactivate account,,0.9689534235305214
convenience store,,1.542879537686978
partial refund,,3.8201366593492905
earn money,,1.8128794881165275
keep mind,,0.8402857749215628
chat feature,,1.3385261027139645
phone number,,2.099642082628569
add note,,1.455123751289154
same exact,,1.0791135870630677
end chat,,7.136886140222473
send picture,,2.677542223300991
eligible refund,,3.840525753761028
know man,,0.9447691797261601
hold anyone,,0.8826332493419211
miss item,,20.793260343964384
extra priority,,1.1897852096544028
bank account,,2.344034182241208
whole process,,1.2697286236336995
credit card,,8.974508264556704
shortage driver,,1.036208390327496
double cost,,1.8701512059121568
year old,,0.7548846709786234
total tax,,0.7720430683586987
dollar coupon,,1.6590972339699388
resolve issue,,5.142073528754572
only thing,,4.236641946734091
due fact,,0.6932770625322775
charge cancellation,,1.7547005267145241
loyal customer,,5.5481396848886755
past few,,1.6762748661394664
put hold,,2.004022489584439
save money,,7.888337291989819
time frame,,1.860085899533872
wasted time,,1.9023443904510904
time stamp,,0.8668184326362026
credit inconvenience,,1.126679238479269
take responsibility,,1.090992004967399
house street,,1.2482883407429972
bad part,,3.4274793958051566
past month,,1.4342753815935443
go bed,,2.3484299049617006
solve issue,,2.059559015347424
fee monthly,,1.4455269040917673
bad luck,,1.1069722808388764
one accept,,0.9459439133123322
mark deliver,,4.326654674124244
work fine,,3.76971175971621
suppose arrive,,2.083745433839624
couple year,,1.2780885972822973
make sure,,6.5314164098029295
pay priority,,3.238796437546496
let know,,3.9330828025291487
other apps,,4.431838484653086
hit miss,,1.9052658143406611
read review,,1.5694361439055033
countless time,,1.5796253437364118
grocer app,,1.447243559197592
customer satisfaction,,1.3726974628746476
last month,,3.408475701765856
offer discount,,1.7585348433931691
ask question,,1.3614494988573005
fee tax,,3.7932069029592363
check bank,,1.0811871190339228
business day,,5.537358072890388
hour half,,6.689889343845404
make impossible,,1.828227513496405
kid meal,,0.851084636116748
store buy,,0.9927904000658643
main issue,,1.4246578141793307
terrible experience,,4.9040237421111765
get rid,,1.3303315414521024
get ahold,,1.8296242298190046
get refunded,,1.2696783351874819
get ta,,1.3615962533914028
few year,,2.416942379271198
car drive,,1.4030407332951724
want cook,,2.0576179233030842
tax fee,,3.887801396676981
half pizza,,1.0358041450302915
card information,,1.1500955250719074
eat dinner,,0.98652365218704
system allow,,0.6110858569141001
attempt contact,,2.051945187470192
send email,,4.471331538182191
entire amount,,0.8782718802754239
regard issue,,0.979344672039408
dispute charge,,1.097768273589781
uber cash,,6.862137426138183
help button,,1.3966130451219647
adjust tip,,0.996693325335618
time energy,,1.052259909387872
base price,,0.8476651531659367
escalate issue,,1.5710449235042172
wrong address,,7.669249910446185
pay extra,,5.319033081667844
whole point,,1.0747010388557587
report issue,,4.016753173097271
actual price,,0.9297236642333961
please update,,1.3836166939694365
restart app,,1.3487773236416247
multiple attempt,,1.112408079510227
close chat,,2.8258200407528777
contact support,,9.727808429942232
ridiculous amount,,1.2028520773028937
monthly fee,,1.0053033105424145
refund adjustment,,0.8826728346880663
steal money,,7.440069745086441
late night,,1.3828672706616731
talk someone,,2.196697380928129
money spent,,1.0716879719015289
bad experience,,8.695024006570957
delete account,,5.30691212465125
send message,,2.798061164470303
let choose,,0.9773747572534607
pick own,,2.945056390250735
go grab,,2.0720418581696904
customer service,,94.17116187007302
wait hr,,1.8008555123643715
option choose,,1.2888025511826868
total waste,,1.3596614824224762
service rep,,6.5612996065745115
discount offer,,0.9776722153959516
wait hour,,18.296333316166837
past year,,1.2732137784441275
speak agent,,0.9210109532272818
cheap other,,1.3124237217105934
everyone know,,1.3345518730501058
take accountability,,1.395365620643572
card apply,,0.3255270607612344
awful experience,,1.5162202638163251
willing pay,,0.8236472977766779
house number,,0.9972141105541947
amount gift,,0.9388839653457137
arrival time,,3.847239285516184
percent time,,0.7609429605941564
few month,,1.8446402741375234
menu option,,1.1476797017682614
same thing,,6.752137052071641
spend more,,2.7703370080061482
do exist,,1.7273781336154692
do match,,0.918024748120894
get touch,,2.35769712927491
hope review,,1.1445720091947804
offer coupon,,1.0410360580016575
add payment,,1.2483601883190412
app crash,,1.491805246948404
run business,,1.2060611085544237
dollar worth,,1.171588915429946
whole meal,,1.1128075059003428
company policy,,1.6276826384790495
card buy,,1.1888661095983784
rep offer,,1.4952661949019521
entire meal,,0.8452575217565951
check email,,2.3822722878214666
remove tip,,0.8709127451582153
download app,,3.4553914177621303
make selection,,0.9427333627616463
add menu,,1.2658295904406605
full refund,,8.796299763661088
ask supervisor,,0.75695507105235
charge receipt,,1.2906730043306516
use competitor,,2.184514676534935
menu change,,1.6593601499836328
extra fee,,3.631952090957815
take picture,,3.59112572092827
delete app,,21.22172336606225
double dash,,0.9634313690263206
cancellation fee,,1.1147757380907994
give star,,9.284291709145663
charge additional,,1.5707320648907166
high price,,1.747899878007176
grubhub guarantee,,1.3571803747510995
refuse fix,,1.0876856246797428
tip base,,0.8048978768803707
charge bank,,2.001439976381461
estimated delivery,,1.5468990800386078
support member,,1.0603045595289065
follow email,,1.10818903340394
take long,,4.306675930012644
fix issue,,4.197209260984685
refund missing,,1.3044404024967062
next day,,2.5960696161491152
miss half,,2.5637682701503115
fix next,,1.240417411613171
cancel explanation,,1.1334706005565478
few second,,1.0153639564382135
single thing,,0.779132580001662
additional fee,,1.5803844926392825
different location,,1.865847774603782
switch grubhub,,2.188585971250841
menu price,,1.0960288085166514
pay dashpass,,1.059368151609425
tax tip,,2.0712078794714603
ask speak,,1.9022528089401085
food allergy,,0.6760505890311115
change address,,2.1268667647439985
find frustrate,,1.5026852145178449
priority delivery,,3.603910622989338
refuse refund,,5.4233306109522275
month free,,1.317458588449937
proceed tell,,1.2530174109608234
get tire,,1.1392746063257964
store close,,1.8459948157173145
most people,,1.14964536649319
do qualify,,0.9170154778680017
waste time,,13.549276860162738
wrong location,,3.5388937879283553
let talk,,0.9396425655421587
cancel subscription,,3.022158853114298
say okay,,0.834500091790686
support claim,,0.8311306209809941
charge full,,2.4322730318927523
number email,,1.2181380282745027
restaurant owner,,1.2532239967194039
numerous time,,1.1249809169270424
include tip,,1.5121797980519056
try explain,,0.8708696611674915
give partial,,1.2388671444656374
receive notification,,2.204109588693882
speak someone,,1.1876237216744177
lunch work,,1.794260474956404
grubhub member,,1.8092876088372618
menu item,,2.7977672371562137
hard work,,1.3417409565849223
switch doordash,,2.3943758258799566
try figure,,1.2755243179970506
restaurant website,,1.5155929908937016
estimate delivery,,2.944603933072199
fix problem,,2.2673326637650955
horrible experience,,2.597190616115612
report problem,,1.172926839987301
delivery apps,,8.200504331044026
give coupon,,2.3999594820037276
spend least,,1.0466704441798222
have nerve,,1.5792035582613846
have transportation,,0.804824028130779
wrong house,,3.4606331803572754
lose business,,2.3597095722360075
live person,,0.7662496453638366
stick other,,1.3033815573584195
favorite restaurant,,1.5258112116667013
additional charge,,1.0221240900547226
find hard,,1.0923681436084032
treat customer,,4.130781385878317
find new,,1.9903859088240754
tell enter,,0.8485609802120149
right location,,0.8797618784576482
full price,,1.1499040033460945
order panda,,1.1824251345050492
order subway,,0.8630584441276368
compare doordash,,0.8705586020585543
late cold,,1.8647586310735575
base tip,,1.0757659357463103
last week,,1.0817683931260187
last few,,1.5782185474040236
delivery fee,,21.097055726908458
refuse drive,,1.1157899199560624
leave review,,3.267024260146859
right address,,0.9437460159242034
decent customer,,0.916109531937072
same error,,1.0056961930055248
year love,,0.8268770029569352
free delivery,,6.202622955498074
let add,,1.276061727678448
fast delivery,,1.6139695539191097
open late,,0.951173557117805
meal cost,,1.4454372312105062
multiple time,,9.578373096737494
drop location,,1.0471936221614686
give credit,,9.709260674063398
such bad,,1.0565004810982432
less minute,,1.3059211178471268
level service,,2.056261880728627
min late,,0.8799447038181036
hate app,,3.2582527638351255
do favor,,2.656861943255997
email response,,1.0823392943535683
good deal,,2.453121191756291
make mistake,,1.6814008591553482
request refund,,4.335006594350973
way run,,1.3972799068750308
tip top,,0.9682175039125888
open door,,1.7265526639485318
miss part,,1.192792298557264
last year,,2.0199473011001787
half meal,,1.3369240989762106
reach customer,,4.436565911883343
local restaurant,,2.25703685980238
couple day,,0.861986404257439
hang call,,1.1895195180071327
low pay,,0.7342843295902525
doordash couple,,1.6627386822994847
deny refund,,0.8890644259722404
put house,,0.8746984584737362
number call,,2.356180339507792
lucky get,,1.0168582941343696
wait min,,2.90612894993298
terrible customer,,8.9659884144764
premium service,,1.7645120096326106
free meal,,0.8309337593352295
option add,,1.636727487878232
use platform,,1.804759994394958
get push,,2.4555425937195827
uber ride,,1.0534825393011462
first time,,17.88112268311797
only problem,,0.8778311896442691
try resolve,,1.665497632750152
half hour,,2.3777717025203744
seem think,,1.3252877820409412
inedible food,,0.9361149097572257
say sorry,,2.3533591602913866
offer credit,,3.348009923073477
receive notice,,1.0371344884685276
only way,,1.7704868630092245
local fee,,0.9485879465213678
do worry,,2.407697778806196
support system,,0.5773502691896257
leave house,,1.5636317441340455
service department,,0.8425138254000605
star review,,1.3022495932398672
notification day,,1.5462735981230358
contact customer,,14.80725780495924
apology customer,,1.3851253077495493
do bother,,3.206813172587464
forget item,,2.6796566162107003
instruction leave,,1.0359619419642834
resolve problem,,1.0506867061690452
express delivery,,1.1926381608186147
whole thing,,1.1154420547778783
hour estimate,,0.9723301940086679
few minute,,2.2740332771287695
try apple,,0.659167873951352
work like,,0.5548459836024968
next thing,,1.515098428767597
receive text,,1.239096024822956
do care,,18.09486879646144
thing happen,,3.3430003970664464
cancelled order,,1.3964185626324266
couple minute,,1.321121345083077
refuse help,,2.0221681514973584
manage get,,1.2883792868613475
estimated time,,0.9613043328980423
have clue,,1.0410235386340567
tell everyone,,1.5887514490739447
pick choose,,0.6406283949778596
decide cancel,,2.3662211079637867
driver disappear,,1.291539432885859
fee family,,0.7565236082720859
show star,,0.8962447552969315
few dollar,,1.3635481240894856
second dasher,,0.9126851402447274
work payment,,0.9663862050930829
get confuse,,1.2056089894555446
steal dollar,,0.750296699217261
bad review,,2.2264131640470133
several day,,1.1314695284320835
hold minute,,1.4319506943955749
save more,,0.8909917544880489
big tip,,1.191736519532062
ask full,,1.792645798035706
delivery window,,0.9134774141291793
time effort,,1.525488732482919
lack customer,,1.3292510465707894
have idea,,3.9918275907448755
food myself,,1.1589460754603114
grab food,,1.8213715128917976
ask much,,1.4514890030029828
let keep,,1.1980714025281136
lie say,,1.806612227885775
guy need,,1.146449188117005
make right,,3.470408275371079
allow change,,0.7516594075484917
next door,,1.2076204099904746
message say,,4.509369175856634
work great,,2.080079323023612
lose money,,3.3535201425693257
charge extra,,2.05833286663062
long time,,5.94834999965359
incorrect item,,1.4203482406927006
pay additional,,0.9223767238360459
second time,,8.315595731029658
someone high,,0.9041299529111294
delivery person,,7.123804302422252
delivery instruction,,3.213636260855805
take hour,,11.6598605949062
drop wrong,,1.7274005337880498
receive email,,2.188258798956655
lunch hour,,1.2497974196576456
depend service,,1.2373261268856848
service apologize,,0.642537351910108
good quality,,1.0026883961464867
many people,,2.234640017082673
fulfill order,,2.68289169291723
party delivery,,1.0795046809063482
great experience,,2.481129470071402
uber member,,2.2491494358177997
grocery item,,0.6646741229170124
many issue,,4.7064073403903475
store credit,,1.8103612859805798
check see,,1.3030751230288085
feel bad,,0.9976665621436352
info restaurant,,1.055272696922775
lot money,,2.9318417143961826
give information,,1.2400212024046913
option change,,1.367273888316615
price high,,0.867539502114502
few time,,5.963882808831949
money watch,,0.44449754151696297
return money,,0.6414421162981103
service representative,,2.084495477757668
tip include,,1.067304235510998
pay membership,,2.093882397760743
most time,,3.4859983196499473
most other,,1.0972737155253958
hair food,,1.3780528037750788
same message,,1.0789398355018363
girl do,,1.0276395634937159
pick min,,1.3891836126104344
day free,,1.162661297234092
speak support,,1.051088609896671
find house,,1.8678989968079611
phone call,,2.309484689706683
few day,,1.6674038025093192
figure try,,1.2970284424655225
refund request,,2.8510085013891584
deliver wrong,,8.654047994872657
different place,,3.458916108625663
new account,,1.1680771440459379
minute late,,2.8344695790615555
way easy,,1.248905380254613
issue resolve,,1.6213210107670835
whole day,,0.5303254717259164
much money,,2.9120640852492663
take care,,3.480945790939316
take photo,,0.8633272729324715
dash year,,1.9621372152442875
blame restaurant,,1.2137444123679324
miss drink,,1.0940221954064169
call text,,1.089493618594448
multiple people,,1.8442373859479595
get further,,1.3464215466610723
fee total,,1.2310239298719863
poor customer,,2.695829452903299
do matter,,4.557268126724161
do anything,,11.741227864289245
el order,,1.5719916478465705
ask talk,,1.1123895828522974
wait minute,,5.341130831105431
call bank,,1.2362466170824968
more half,,0.8694360324009999
many other,,2.468074984745544
continue use,,3.9495670054051217
first agent,,0.9862957761054375
lot more,,1.3698847075892222
change email,,0.8151436563505137
respond call,,1.245851149579057
food safety,,0.832912228943102
use apple,,1.2510017004278506
more money,,4.892778270694078
change tip,,2.6141955204581815
good most,,0.9860399533246776
pay convenience,,1.2360601971022687
use gift,,3.062023870457555
service number,,3.6777170639202916
take min,,3.063353273954422
available item,,1.0641121028255571
send second,,0.5945912769611255
good experience,,3.7315298468842926
support number,,0.6760338818972003
someone pick,,1.9707787492381441
charge more,,3.704465840265095
online delivery,,0.864684579016064
anything help,,1.7180653174570344
minute hold,,1.239529122372418
sign uber,,1.8157748861524676
dollar credit,,1.519093813258166
able find,,1.436310675625235
try type,,0.9491224927219004
first only,,1.0806464320781168
grubhub membership,,1.0912420227379882
receive message,,1.7049915830976072
offer dollar,,1.0106818169531826
big issue,,0.8952590477403035
do job,,3.9726025531877704
order breakfast,,3.0590508854299965
get feed,,1.0561721918688742
charge card,,2.65244331043333
group order,,1.3437900982270379
first experience,,3.001821165345647
bad one,,1.1866791570542938
come bring,,0.9689477633723284
someone put,,0.7320984041183638
bother use,,1.8378060725751173
easy use,,3.804167411529219
make matter,,0.7414940113302079
take minute,,6.515181385630305
door open,,0.9552821539583367
ur food,,0.6891719349579231
love grubhub,,1.7878273950121346
refuse give,,1.7977247835467467
happen multiple,,1.4534852085082781
hold hour,,1.305994423181075
want eat,,2.1729924727363232
nothing help,,2.2763324130577844
couple time,,2.3869072169121166
poor service,,2.032228440223256
same price,,1.279765825092779
care customer,,5.589641836633831
different people,,1.4003230133769122
extra money,,2.0591641664788005
credit next,,1.1445940204281428
location minute,,1.5264202230433805
whole hour,,1.5797247572165805
email say,,3.7461634883743233
drop food,,5.439528937267496
have interest,,1.0214352157522069
doordash user,,1.135591853622841
drop other,,1.472264791748254
receive response,,1.7647666368931771
driver ignore,,1.3527890944057384
charge dollar,,2.4151071763810625
restaurant page,,0.6077511694593032
do wan,,1.0454773320985589
several time,,2.835032010170303
bad business,,2.071101698348355
steal food,,5.68043282310833
much good,,1.716985829163974
recommend app,,4.195774326781675
pay more,,4.448379395243267
driver proceed,,0.9087612804026828
terrible company,,2.5635384262391745
different person,,1.2243655521177903
arrive late,,1.192050123658137
try contact,,6.101180175607287
long day,,0.7132694626546925
message ask,,1.1684240946504227
chat someone,,1.1664784207379468
fast food,,1.9637973270136335
mix order,,1.0438435618901318
order arrives,,1.054820526787557
doordash past,,1.5411200177053055
minute phone,,1.0361523938333053
try new,,2.622635259560428
forget cancel,,1.7825182777584017
refund entire,,1.5478690614693016
love doordash,,2.7940611140493976
spend money,,2.227600732935346
chat option,,1.0078847868035292
nothing send,,0.5239927604788306
give discount,,1.1180277448034284
take business,,3.4557254210387076
last time,,8.580310322012423
spend hour,,1.8905446855775554
email account,,1.2155156441670563
money hungry,,1.1779641263537954
open app,,4.4731995412207946
try report,,1.2920776423995004
apartment driver,,1.1044310606060022
rate driver,,1.6837067449786212
wait long,,1.3276586909056802
restaurant blame,,1.3065509635233943
give run,,0.9519440104012588
try reach,,1.3852433161220095
call restaurant,,12.71815539785816
get confirmation,,1.2731306813133325
get scammed,,0.7837144809768295
wait week,,0.9967218136181915
more few,,0.7992945071079925
offer refund,,4.096874488469025
restaurant area,,1.6786014672807763
mcdonalds use,,0.35504149505714705
do know,,15.067973433164706
stop use,,3.692505472508476
direct delivery,,0.9319823405824292
wait hold,,0.9958502746285589
client do,,0.8563672649088874
favor do,,1.413853261657886
next time,,5.116203384215137
order taco,,1.5874250029096144
mistake make,,0.7284719946385136
rate restaurant,,1.485785948382232
first thing,,2.0015327771860703
lose customer,,3.813866508701289
hour late,,1.9307415709828282
service agent,,2.852068104020801
good option,,2.3905297310138023
lack driver,,1.089737449347361
contact grub,,1.2729560873066625
talk customer,,2.633584467567197
same meal,,1.181904913676436
offer help,,1.4951308910252636
cancel reason,,2.442577971197488
waste money,,2.7042256074530915
same location,,0.9916667263585897
uber employee,,0.9317452541497834
plan use,,1.478886098896127
horrible customer,,4.119839473188107
mean tell,,0.8371697072628581
get text,,2.5379482602937804
minute drive,,1.786884468631149
assign delivery,,0.6047219812350888
proof delivery,,1.3130313775795277
many time,,6.1484998963721615
incomplete order,,1.3284443175711234
try different,,2.591894182356892
same issue,,3.3229356925964764
bring food,,4.6537647484448454
get reimburse,,1.54917349572859
min wait,,1.273503297505671
single time,,2.0344277539041493
grubhub gift,,0.9264369579906463
delivery guy,,2.328253227514316
have access,,1.769147452476286
many review,,0.8787603482157268
fee tip,,3.572533929398266
driver name,,1.0769232024034048
update contact,,0.9444520850346868
other delivery,,8.911567220681412
drive pick,,1.052509141262843
impossible get,,1.0861300277044619
love app,,5.478369669452553
keep happen,,1.7019667484895047
use app,,36.86471027730466
delay hour,,1.167162869751437
pick multiple,,1.4491041969148912
grubhub live,,0.2803178613653106
find other,,1.8546304697175857
order jack,,1.154291173795989
instruction call,,1.1521935329059267
take cash,,0.7416846776514381
keep come,,1.9467309008570493
restaurant confirm,,1.333310896622932
horrible service,,6.8693420504148435
money spend,,1.8048347936936682
have scroll,,1.327488349956942
more option,,1.5039867224707988
rep say,,1.5662234384537863
charge amount,,1.2136719453331155
charge month,,1.6280558818058222
doordash agent,,1.4266292425621723
arrive hour,,2.0273942364426176
use uber,,25.426919906841558
last experience,,1.9364985474889218
credit account,,2.332921722352998
try fix,,1.5606994206437492
minute response,,0.9028199144311551
own food,,3.6983982660356536
first place,,2.8939383821989244
do read,,2.8323084597936994
restaurant mess,,1.9233750968576675
want add,,1.468895167023371
many option,,1.5654031855181234
everything work,,1.1865163166298438
food trust,,0.3023004991237374
throw food,,1.7485136591212034
actual restaurant,,0.9113724486113539
doordash refuse,,1.0126670385428702
place order,,37.104262107388124
suppose give,,0.8851523985201925
support chat,,1.1550532364824804
arrive cold,,1.0180917511518048
find way,,1.8744105881066613
use doordash,,15.118005441674061
have lead,,0.9471647176220249
have recourse,,1.244470945223281
penny have,,1.232877633097416
show minute,,1.4227656975270837
worth food,,3.6699469338553588
do recommend,,6.724220731891026
drive other,,0.912194211064524
prepare order,,3.1587879830752335
service fee,,11.47717804361024
driver assign,,0.799695457854824
fee add,,1.0787386284739955
use postmates,,4.596423023086219
buy uber,,1.583370384351247
people work,,2.1586836091224724
card company,,1.6884032836499423
amount time,,3.4725159954580116
tell due,,1.2606389469573935
place past,,0.9802755282971015
difficult get,,0.9967345661217777
give refund,,9.990348159008802
address issue,,2.1383321387667102
say rate,,1.2162622877167242
shift be,,1.0328174092581486
be alright,,0.8637073148610115
be familiar,,1.0977531469180115
be functional,,0.8785625805136634
be interested,,1.7070562911754634
be possession,,0.7940436228729216
be reluctant,,0.8621895696813549
be successful,,1.3429713681320152
be unavailable,,0.6463460465575116
be wheelchair,,1.7294990779622763
keep send,,1.1702467348223886
door dasher,,1.08676909764939
top pay,,0.5706357970610619
doordash ubereats,,1.1683173125718498
ubereats doordash,,1.6209733843180345
minute house,,1.3631683026831383
receive full,,1.0782265489817444
go store,,2.729554175912821
give option,,2.724983398981424
first dasher,,0.8126365970191705
nothing do,,9.679424942864232
provide good,,0.9636916458017383
tip much,,0.9127329608896417
time pass,,0.8528186091552304
track driver,,0.9888635112340977
order advance,,1.2809042402058077
get annoy,,0.847812833180025
text say,,1.1923674901987606
decide give,,1.9976514480537437
continue give,,0.7319862096038239
pizza place,,0.9112893076353407
different restaurant,,3.431284817892492
quality food,,2.5772322703573556
tell sorry,,1.3642822863653843
do appreciate,,1.8018141315289193
process refund,,1.7368994139410514
person deliver,,2.906260985006031
refund past,,1.1565158367566246
be able,,20.28235589531812
food arrive,,7.60345537155008
do want,,15.70984237353283
leave chat,,1.5921671640489294
item menu,,1.114266891002419
end day,,1.5648262475484562
driver follow,,1.8837532290895191
take money,,6.277634624547409
support tell,,2.856576751011056
add more,,0.9845177307900126
more dollar,,0.5948701195582646
get partial,,0.7906169052332686
driver drop,,2.842542121800976
be eligible,,4.816963299701028
bad customer,,8.024410870185243
cost item,,1.3375126871617957
pick food,,9.778964009746389
be suppose,,10.119131235258678
communication driver,,0.9778583025121192
driver forget,,1.535233068440172
long wait,,0.9263558169119026
want full,,0.8043189523574434
company think,,1.1718325194884118
hot food,,1.509333901912101
prepare food,,1.1447280392318748
order status,,1.7183344014726774
do blame,,1.9630263116135975
put credit,,0.8686444097725393
look good,,1.0642742373157368
refund small,,0.9755593016194639
stick uber,,1.6111089866147892
food saw,,0.2908111380221021
account change,,0.9916286469871212
be careful,,2.952654338929125
something wrong,,1.8515789237655622
trash service,,1.1798751177090498
hold money,,1.1420561192311263
bad company,,2.1665656828155457
have covid,,1.0445171737208867
have unlimited,,0.7804589748209034
come cold,,1.3841497588660912
app hate,,1.0602528187218272
be aware,,4.201988980002382
go home,,1.7038522486051046
call email,,1.3875813932951842
make feel,,1.1311315209777129
company need,,1.1812269351409426
restaurant choose,,1.929238425314121
cancel due,,0.9844240276998354
go pick,,5.421343822271607
do solve,,1.3811113017665115
get connect,,0.97829442971484
use ubereats,,3.434085104082986
help chat,,1.2843496685188645
grubhub decide,,0.923919092489777
way contact,,2.3203976691872374
phone try,,0.9395327507437299
address leave,,1.3559072135361847
attempt use,,1.276443964196168
use different,,4.083477353464529
call customer,,8.761365946023053
cold food,,7.069792135410794
place eat,,1.2520188066949247
fill order,,1.0768245630194426
order group,,0.809323717655507
order row,,0.9040237158118181
replacement order,,1.0905315851995947
give money,,6.667338626931054
blame driver,,0.9788749013670297
give dollar,,1.8913327516046836
do meet,,0.71547058861292
man do,,0.6576899976125249
wait response,,1.0364566935886932
be frustrated,,3.629494100833007
be shock,,2.5139731778507524
something happen,,0.7876046171464243
treat driver,,1.938164775448707
free grubhub,,1.0503159306422931
be unacceptable,,5.642651634081532
close minute,,0.9010945627456527
lazy do,,0.9733899891899622
husband have,,1.3814946285063612
restaurant fault,,1.5237696253159525
be unable,,4.616092792156174
allow cancel,,1.9111186094637116
same day,,1.243007469409928
use door,,7.871893885099605
way more,,1.3485321882246069
find option,,1.0326538377468657
one call,,1.335891273828401
ask refund,,3.95865978638142
own money,,1.223498482225768
other person,,1.0635801272331817
be honest,,1.574116973553011
be prepared,,1.7275390372812052
call support,,3.2823370314338374
support email,,0.5483558798186058
driver steal,,2.990908049701377
get notification,,3.982275578527583
use grubhub,,13.59347505373634
due issue,,1.161241559722812
able contact,,0.9410651234541707
person leave,,1.2698580620215032
money provide,,1.3305596878129293
have load,,0.699463027484861
many problem,,1.429251093141675
driver fault,,3.607183840764177
good company,,1.7416908760437715
go wrong,,5.320259629012851
change way,,0.4479820728413565
way change,,1.2147879030246627
experience many,,0.46771444672185014
amount tip,,1.0483061064187287
tip amount,,1.0689118598392107
anyone use,,2.4694788396720373
use grub,,3.0837498444348874
cost fee,,1.2967854500598506
submit order,,2.111386697180431
cancel second,,2.5586500461525725
door leave,,1.038220300059362
do cover,,0.9374054703794512
card account,,1.2590423194458749
while get,,0.903530240407683
watch driver,,1.3297065612076888
be affordable,,1.2670956887438254
be ashamed,,1.8961121695446974
be courteous,,1.7584184692413718
be pending,,1.186534863250031
be pregnant,,1.1864826828609119
good business,,1.796058559263962
experience last,,1.4591687263766586
let cancel,,1.8556675421059785
local delivery,,1.5811226881020224
food family,,2.3937395212652097
leave bad,,1.1113925353152432
new driver,,2.580567602796472
wait extra,,1.1712282003128647
start make,,0.9791984308820773
many thing,,0.733377021050766
drive doordash,,1.5042053010695597
nothing work,,1.9561107623388643
keep money,,2.0513075385117006
try multiple,,1.8519215344954323
pay dollar,,1.65329077909789
order detail,,0.936471965851605
re order,,1.2890424748688838
help find,,1.0550412367677295
cancel dash,,3.2340462729842123
see happen,,1.4970476257729732
do believe,,1.9224751465836736
do understand,,3.873687190963693
terrible service,,3.794616149553486
chat support,,0.966193402123926
other company,,1.9494740686631569
deliver correct,,1.1485212479441926
include delivery,,1.6864024577694166
be willing,,3.0223961186833757
have reorder,,5.393521082252667
tell bring,,1.0276843582407973
have throw,,2.467210823782968
order online,,1.9793151113884044
day need,,1.0142475138831206
arrive minute,,1.3173512179562799
time estimate,,1.0405237525382267
credit ask,,1.1370889073485126
have trouble,,1.5283696726706937
provide grubhub,,0.532900875268336
do deserve,,1.0872129142580755
min hour,,0.9984028788277046
refund system,,0.8120973256776433
be difficult,,3.6939680846963654
be disgust,,3.3298931287829383
be dissatisfied,,1.1238781761097731
be emergency,,1.1287998850473562
be excellent,,3.00157356054762
be frustrating,,5.74631168988984
be grateful,,1.9095485395260265
be inconvenient,,1.1531417934520212
be infuriate,,1.6875237607546278
be insane,,1.8233023290043664
be overprice,,0.9125195638428168
be pricy,,1.0803299943893148
be tamper,,0.7345939250062176
be unhappy,,1.2684585291482349
protocol be,,0.9912005809116897
suggestion be,,0.7351648870499528
grocery delivery,,1.49647021945597
speak doordash,,0.8778238020855353
department have,,0.8065210370677854
have decent,,1.1292917446780493
warn have,,0.1565432335609059
do expect,,3.276483826932453
problem doordash,,3.392821037658403
miss meal,,1.0893518518856018
deliver right,,1.0806432855099355
agent give,,1.2558647340251592
hub say,,1.0075118866730919
recommend use,,3.394742413793687
quality service,,1.0297541811488664
take day,,2.881218408863268
keep say,,2.746959548685172
person tell,,1.752953895875271
decide take,,0.8136044613041957
arrive receive,,0.645294727417982
be ready,,9.050779449890193
be pretty,,2.8446580322641672
be useless,,3.8179559627377593
thing need,,0.9383052079487509
tip person,,1.4794420891220645
receive refund,,5.6478779554763445
min try,,1.1589700284759603
price come,,0.5280862128115457
put wrong,,0.8009896565492814
contact driver,,6.834953153839739
be efficient,,1.7574072757083923
be obvious,,2.440486175750148
get car,,1.6325359138327555
great service,,6.421633231966234
meal day,,0.9119624894869144
cancel order,,26.95620396249973
dasher deliver,,1.5455485497676522
incorrect order,,3.22042016316509
original order,,2.07661096100208
allow use,,2.241512292660818
hand food,,1.8725212311804502
deliver house,,2.172048337001003
delivery address,,3.0200191534450345
more hour,,2.2281378737938407
be available,,7.215575916852143
do accept,,2.9889379002576146
do mind,,1.1335426087294294
get compensate,,1.5779563401612373
get simple,,0.8336389740828889
give free,,0.9517874352777898
need find,,0.6059281420597376
be ridiculous,,15.31496014623276
go look,,1.4085630484731326
grubhub year,,1.8774489609823444
fail do,,1.881241505673633
problem other,,0.43835643008841313
provide service,,2.159709332126
delivery service,,19.371043635790958
meal other,,0.8344481980219574
chat say,,1.5883215277839615
delivery driver,,15.375503234864782
wait store,,0.8343079151032922
extra hour,,1.0575828440210917
expect customer,,1.1934439257205578
get full,,3.000188309361784
chat customer,,2.444431598077164
have enough,,1.3103355921995963
have become,,1.930276844389021
have hear,,1.6084050279994013
service please,,1.1817156327655212
doordash postmates,,1.0381238022459511
much refund,,1.7634995815900274
wait second,,0.6620986909827098
entire order,,3.0348831391686018
guy deliver,,0.6766034147534918
amount refund,,1.5964687841029122
call ask,,2.011160181112017
accept order,,3.5514562792327253
need help,,1.0433964914459783
frustrate use,,1.2809797920491475
leave food,,6.538697603003211
app let,,2.589909936956363
time week,,1.9939305180124833
go grub,,1.4308462003901226
different driver,,4.431470922820228
driver pick,,6.062841743057828
provide refund,,1.49038851054307
restaurant forget,,1.1898669153493056
add tip,,0.9939364677617685
dollar tip,,0.7807651504998219
give next,,1.0447854016014353
get screw,,1.1072747431582948
option other,,1.0012892689187844
other option,,1.0030508405143888
be absurd,,2.3359985565998205
be acceptable,,1.931188624400704
be fan,,1.766982732765811
be generous,,1.7241628138607508
be amaze,,4.253335062351818
delay delivery,,1.6144422410800292
wait business,,1.163321144645291
bag food,,1.0803851667361863
reason call,,0.4378728312364818
deliver food,,14.365862605748962
support person,,0.5891519713366035
new place,,1.2538311568160823
item miss,,2.246955062320434
subscription service,,1.168215214637143
driver bring,,2.60328100571019
make seem,,0.7578782819541775
do allow,,4.455450611282827
other day,,1.4538842146527857
complaint get,,1.7128010229575295
have specific,,1.7796155746604454
food mark,,1.646811180568781
food tonight,,1.203062536367725
multiple issue,,1.7710697992488806
order mcdonalds,,2.280295896338625
third order,,1.452006678135879
wrong place,,2.4046354461635584
least doordash,,0.9291364431902969
make more,,2.1241207750512627
be crazy,,3.242887849989242
try call,,3.480953080667782
way many,,0.9698026601493293
support first,,0.6352348388232089
charge anything,,0.7696435871154814
receive anything,,1.751036187771643
refund money,,6.825399854459337
food come,,7.2662408171538555
have spend,,6.009312173335274
person work,,0.9156681715029963
be upset,,5.5116193045958655
speak customer,,1.5068564844689047
give full,,1.0554353593154029
get refund,,19.565661303057198
doordash fix,,0.9012489596496354
driver answer,,1.6255784832629656
most restaurant,,1.1389510913142726
postmates uber,,1.9758704943555196
be lazy,,3.435682999245845
have lose,,6.306461493060697
location call,,0.3880515349793778
top delivery,,1.002464840199179
do nothing,,7.655483127907006
be bike,,2.0285577840683175
be closed,,1.512644988703066
be convenient,,6.497570793355491
be tired,,1.4452831005911368
have problem,,12.28281766140598
refund due,,1.0443024762303197
do waste,,6.119107703166779
make look,,0.8313882594084607
make new,,0.9599241184430284
experience first,,1.1937275136830885
card try,,1.639680561508549
call tell,,3.6487512392018355
be perfect,,2.613653230594508
be super,,4.763991418671594
go check,,1.2140686541758787
full time,,2.000697274254058
fee charge,,2.5001820816750535
expensive use,,1.3858435529231603
make experience,,1.6281638083699987
lot place,,1.1227290037442503
different delivery,,2.346869676200967
experience bad,,0.37240731793525716
try steal,,1.2932800855804105
be sick,,4.655392912298684
refund gift,,1.1987810301476904
get message,,3.061639732025761
show wrong,,0.9907069659208572
realize have,,1.787377033381944
start use,,2.236145990853827
text driver,,0.7790391375313815
want see,,1.2728999072223988
allow customer,,1.483951991979179
get free,,2.7071984714652886
take account,,2.2904933153399503
other fee,,2.12033294352573
call say,,4.0606851114609785
receive meal,,1.1551063996465885
be busy,,3.300472665162284
be disappoint,,2.4719270415804773
be happy,,6.266129161626483
be ok,,5.048650949934728
acknowledge be,,0.9092351671775272
be allergic,,0.9051368715746351
be disabled,,0.6640649582806889
be frequent,,1.6293334919021132
be necessary,,1.3659726819563092
be nightmare,,1.8792804543173742
be rush,,1.1334226678475208
be tie,,1.3910404234566176
confirm order,,3.172219369351506
rest order,,1.1621959467237999
get money,,13.59127049172954
get cold,,4.822893702848865
refund part,,0.9969862462587921
sorry refund,,1.3168197092315443
decide use,,1.6022274884810677
receive wrong,,2.051666332509651
mess order,,4.270632045531859
do realize,,1.1381937846124819
try place,,3.3525658146188517
get hold,,1.7327134090651275
issue end,,0.9394529251285393
service provide,,1.947314076912685
doordash allow,,0.5678962143974718
quality delivery,,0.8381322128416457
same restaurant,,2.9749000470374525
least give,,0.7924412989503177
able get,,3.1047664694208357
be gon,,1.9055758420678321
uber eat,,1.5701758226038875
good thing,,1.25115080506472
most driver,,1.8378834923545213
fault driver,,1.3343761126011013
be absolute,,2.5563901541042626
be awesome,,3.227878228155347
be joke,,7.881581195460561
do show,,4.7821429526034
uber pas,,1.216283257725697
change delivery,,2.6142290105853028
wait day,,2.052244623109068
part order,,3.670661820020285
account find,,1.1680824185075585
occasion have,,1.1813355838261599
driver confirm,,1.106356048153934
do mention,,1.7569854946212597
do plan,,1.5108592874806903
promise do,,0.746932094239469
love use,,2.0942082869983922
be disappointing,,1.2122841436576095
be lock,,0.8942926644720567
be seal,,1.4220701853509756
be stale,,1.526007000101175
be surprise,,1.0505969911961932
starbucks be,,1.769337110777171
be fine,,10.249297154039098
be prepare,,4.210212432279924
second try,,1.051245175110214
deliver address,,1.6503608602025779
something go,,2.3136337612805287
love uber,,1.439135618177831
take multiple,,1.453132712609366
mark order,,1.798757685891324
tip price,,0.6999153933413109
be nice,,6.5115094356006145
do feel,,3.3913016077687086
cost money,,1.0764256479217922
amount pay,,0.4323590399130933
restaurant close,,2.143356102702732
more minute,,1.5035659416606733
receive food,,9.330935680290976
doordash let,,1.2201851250506315
end pay,,1.7068110477217278
driver available,,1.10949572087116
app confirm,,0.26989431691189975
food prepare,,1.141046365766694
status order,,0.8710384487641945
report restaurant,,1.1150959345060265
find charge,,1.2103023050923312
be glad,,2.1723598531450827
be likely,,1.8086681013689598
be weird,,1.787266094332535
go menu,,0.6611876830183295
do seem,,3.358610407181858
be awful,,6.558486260495848
recommend uber,,1.4540434606970942
use own,,1.8695044131013177
good doordash,,3.5513574142220996
driver leave,,4.121876094423821
order exact,,1.1797006982206226
have ability,,1.4087856485565022
support say,,1.5824896022969535
available app,,1.0621968975248905
be annoy,,4.355377813398829
be important,,1.706813918837146
do answer,,2.7008380671320307
be easy,,9.925288679111935
tell check,,1.4187863992705587
complete order,,3.159562110326318
agent say,,0.6656962070347971
offer give,,1.5995447251233612
app store,,2.2161394948539286
be cheap,,4.016958346823383
pay tip,,2.52691686182405
order grocery,,2.2693673853981196
receive call,,1.475284836829983
last minute,,1.0460354229639246
keep good,,1.5329229399652788
add item,,1.2062300155662196
go different,,1.4066230870111789
account credit,,1.1522092243183761
late delivery,,2.3829363826897
tip driver,,6.881869097911318
doordash grubhub,,3.331532778063623
be deactivate,,2.7808505283376648
app save,,1.2658199395879288
go stop,,1.034592322993866
be horrible,,13.283376360140402
do receive,,9.384965782662443
able make,,0.9583506807857818
next order,,4.99430657511912
come find,,1.0361377314449296
be worth,,12.724161813937092
do compensate,,0.9664941451284585
others do,,1.085857254970115
great app,,2.4928113869232362
be fair,,4.345820750420917
multiple item,,1.0165341728032924
want give,,2.8429314649843507
fact driver,,1.2060209566396969
have feature,,1.49332641813187
food sit,,1.5717916393695943
lot time,,1.8164989111694068
separate order,,0.8976871101356348
amount money,,0.9420465707343845
try send,,1.116623872433312
need contact,,1.0220662170710544
do respond,,2.042666483384205
have figure,,2.485269195580513
late hour,,1.34738100931441
many refund,,1.8813766451818479
give someone,,1.7225290832710056
reach driver,,1.259806509960967
new restaurant,,1.3804471343253422
anything call,,0.2726622919378919
want know,,1.3678882966825798
find place,,1.562416153465072
driver take,,8.041703557663457
fault restaurant,,1.1012189145372462
restaurant menu,,0.9033033466001621
have deal,,5.029530844187803
issue refund,,4.691157638925991
use service,,19.412992466287186
say help,,2.441096717322684
money business,,1.4177926743381257
pay dash,,2.017112439537059
be amazing,,2.0974774727739356
be frustrate,,5.215090754302707
be locate,,1.465206962238494
be loyal,,4.311466262082804
be rude,,2.8814441984634462
be safe,,0.9844417365995206
be unfair,,1.3344534583796623
be unreliable,,1.4598612325056286
cc be,,0.6774901963484639
ordering be,,1.3241764712786792
be force,,1.9921096270827117
be sad,,2.3817988620681327
be stupid,,1.7767446821401007
update app,,2.3198343223543696
help issue,,1.1912340921512252
have proof,,0.9910262425291609
dash other,,1.2485641989389629
able give,,1.0296777190529185
order direct,,1.5403799594428003
make thing,,1.2458752517289247
get response,,1.9281367713908093
order pizza,,4.8944186378445815
dasher make,,0.9791721773915214
hour think,,1.0856918776913322
wrong miss,,0.9755021242954522
need good,,0.3962510843342962
entire time,,0.5229607567125669
be hungry,,5.547287618670497
order local,,2.4940884087507094
order yesterday,,1.2986324723779874
do think,,4.042779850909709
drive place,,1.2642054225835966
day try,,1.0232841269468071
fine service,,1.3617898096735341
contact uber,,3.741086895674332
end cancel,,1.4092193877146415
keep go,,2.3907747919594073
get lose,,2.3467169332621363
guy do,,1.8906584971736027
hour wait,,2.4000664409604804
start get,,2.1228500976121536
delivery time,,14.406537750509377
keep make,,1.3067976795216367
fee keep,,1.3285494206226478
be great,,15.378321767307202
end call,,0.8858979936388954
send driver,,3.070791198485734
try add,,1.1087889498156411
be helpful,,3.2082697270333806
be possible,,2.725147762339076
error get,,0.8227572978629072
app allow,,2.2614633051150705
restaurant decide,,0.9325294092297375
food incorrect,,0.8585637544955169
review app,,2.69404782310283
try use,,6.483117348745624
eats dollar,,0.7877057175277363
get real,,0.8645653906483519
assign order,,1.224024043853066
order burger,,1.4797896653097447
pickup order,,1.2931558917995059
wrong item,,1.9601513435952163
work company,,1.1076748292354501
think doordash,,1.298282555408523
be fault,,8.717787042120127
eats year,,0.7931850520232893
try change,,0.9522649557331828
have multiple,,5.650721213748733
deliver first,,1.3014354680873224
be disable,,2.3777210139200173
app state,,0.8906788484636963
come pick,,0.9509162779691033
sure get,,2.4358909962787467
house take,,0.7117828532496258
month have,,4.064636102616954
people money,,1.2198854416193714
get small,,1.1113397955262787
previous order,,1.0577909376527144
review place,,1.102950361864011
job do,,1.3491382568043586
tell receive,,1.9171720663061211
tonight have,,0.8678426429690149
platform have,,0.7008172912482395
trouble have,,0.3104927783666914
be hack,,2.273428856702014
entree be,,2.190282440694206
get own,,1.5426466634299736
use other,,4.893773054494729
service refuse,,1.2007735626583609
price item,,1.0495174251679327
come way,,0.8461396746355416
be huge,,2.889464571304455
tell drive,,1.5322213919575276
doordash credit,,1.6578467374504227
same item,,1.0127357559320354
have start,,3.3132927563790604
worth time,,2.0543357591521008
picture driver,,1.0504947948733376
wrong card,,1.379543746720175
team do,,0.5554165611288205
delivery option,,2.411182692838864
dinner time,,1.2681760255562256
service love,,0.11547330483475124
be approve,,1.070615430855835
be clear,,2.3360688909652807
be false,,1.2500905424117565
be professional,,1.6811756588813687
be punish,,1.5456746750342134
be starve,,1.5194115776486132
app show,,2.9730306397014874
hour minute,,2.0045018944771096
use credit,,3.2996037415930517
delay driver,,0.5222611248241888
do follow,,2.6380597591011155
cancel wait,,2.6455161352158885
app phone,,1.8806307099412343
take more,,1.5241087357713865
straw be,,1.7310491234030452
keep get,,3.252734878625675
new customer,,1.472903959550777
picture app,,1.1071495609872772
charge thing,,0.38181939316296465
anything make,,1.5446446018944926
show hour,,0.7347351611995145
cause do,,0.7072479007274289
item arrive,,1.6816792342307616
get ready,,1.0230441914069865
charge dash,,1.135521230376149
joke order,,0.3261443368738628
order mine,,0.787273853423767
recent order,,1.2054169208045848
contact help,,1.2496598235740413
own delivery,,1.1264057579550961
button do,,0.9704992954205012
think take,,1.1100134021673742
order something,,6.168123760693946
ask tip,,0.9363603963616994
have issue,,15.658510396116494
say least,,1.1809942242381835
be accurate,,0.9844831034014461
be college,,1.0884212195303615
be delicious,,1.303998096105048
be greedy,,0.7359080213245802
be inedible,,1.1812602857861483
be lucky,,1.060869761564467
be present,,1.0140297873595163
be struggle,,0.8484971083817334
be wonderful,,1.788951131843358
be worthless,,1.4691463539636476
expectation be,,0.5678766573122087
reflect be,,0.816646298115558
rice be,,1.5745349850057226
yes be,,1.054148539907084
be certain,,1.333990025310639
be design,,1.8475289924728262
be glitch,,2.7385063648173653
be warm,,2.146414418431417
look app,,1.685115187914194
point use,,1.2390169936271394
driver refuse,,1.745210744340072
month uber,,1.1104046483767975
deal restaurant,,1.1049458853927445
deliver cold,,1.351869013915977
eat food,,1.302385576545993
store do,,2.628031441807642
fix app,,1.8856280976892161
find good,,0.7897333223304881
do work,,6.2961923299850975
year use,,1.7977226701164544
get delay,,1.7725692062916993
refund end,,1.6300759775723823
call door,,1.3694621184211389
make money,,2.7665126272965246
day go,,2.18628223007541
pay meal,,0.8529287543614457
be bug,,2.5802123604126908
service response,,1.554235785675666
tell happen,,1.6912118423188969
picture food,,1.2077056794409597
get food,,25.325932071448253
do scam,,1.4055998166752803
be complete,,6.580044117263506
be expensive,,6.917728726336038
charge delivery,,4.662653109311564
grubhub first,,0.8327617446827116
hungry do,,0.43285209383252277
same place,,1.3035824928422093
be rip,,3.0059723936026113
be true,,2.4971365119549853
be close,,9.693228584013962
refund business,,1.0816266584284697
have enter,,0.9049505879679026
notification app,,1.343115447556925
other way,,1.087779161872607
anything give,,0.670445832401801
food delivery,,18.19418310717715
cancel last,,1.5191971647322313
extra delivery,,1.1986929048398804
app few,,0.9360331842831449
try cancel,,3.207821269542773
wait see,,1.2036436108808393
best driver,,1.6685699206132891
instruction driver,,1.1383441626922763
today order,,3.7293014837475744
tip more,,0.7198543478181694
allow driver,,1.4673898705666446
be cold,,16.052324627374926
pay option,,0.8815106835918007
ask want,,1.3459386761539704
go change,,1.5344218618419092
hour try,,2.650353272122782
buy get,,0.6656699467253725
price doordash,,0.96462366338173
hour more,,1.073827519920388
day work,,0.5567964440967567
appear be,,1.3148128187128019
be disappointed,,4.442821351945604
be limit,,1.3925402993086213
gps be,,2.1036862983379767
customer year,,1.8850377538860223
order lunch,,2.8128922121963926
deal uber,,0.96437936601383
hour cold,,0.8703428122792087
have forget,,2.4338800734520785
refund miss,,2.234869936976965
good bad,,0.82185746180265
thing go,,1.652759977952024
customer long,,1.0018985293990343
best app,,1.2558564452024517
whole app,,1.0576384443919722
try get,,7.7310579835562345
pay delivery,,3.826284357188355
correct order,,2.658060679541833
minute get,,4.832891499421504
continue do,,1.6916463738760235
have happen,,8.529711300929895
be hot,,3.9645882593646147
try find,,1.1044820772501418
get right,,2.8139496088088536
have delete,,5.609777577658366
have notice,,1.4061111395588628
have pass,,1.0375682274210056
buy food,,0.9329440707811192
end take,,1.090643652753768
future order,,1.4064016763781233
order favorite,,1.13866053680389
deliver multiple,,0.9579972434226085
be miss,,20.39046542319349
be sorry,,5.756754614031699
day make,,0.5728504513058703
issue keep,,1.3216763620600243
have many,,6.084003786615788
order arrive,,5.520795260858324
tip receive,,1.6641673593264912
be kind,,3.322106188874597
be major,,1.68294709178575
be scammed,,1.7071011392843625
go get,,10.959053501636985
take way,,1.6083239806227865
least get,,1.790434907840587
hard get,,1.0962308889569616
hope get,,0.9962108736179462
item receive,,1.578011245663879
receive item,,1.4607097990575728
pick minute,,1.075344240682242
other time,,4.5100984948324
fact have,,1.605734555053212
arrive restaurant,,1.4462176894766041
send restaurant,,1.734020584250398
app work,,4.525160266857271
time live,,0.30025824517740696
wrong order,,10.942828300312732
wish have,,1.3759320327736397
restaurant look,,1.14737660374914
want cancel,,2.008928326684072
get email,,2.6489055090178675
last order,,7.5384491318661375
account try,,0.7444271627421435
give business,,1.336848821690568
be terrible,,13.394718954429585
whole order,,2.7275564027769277
issue last,,0.7654601760150664
customer experience,,2.260394377941929
grubhub need,,1.3000589603578387
notification get,,1.43546340800914
have complain,,1.3533133090276006
have drive,,4.700497023828008
issue credit,,1.2615296364036408
want account,,1.0731739875651565
say need,,1.6077717659569568
refund everything,,1.3060727981904985
be sit,,4.171680004413564
be automated,,1.04861761189425
be ice,,2.9730687842108203
be kick,,0.9398163564816913
be limited,,0.8563914271173008
be stock,,0.8447588250354792
cream be,,0.9109642135471535
insane be,,0.43669015582368725
suppose be,,4.606595237541128
world be,,0.2791055205527663
yesterday be,,1.8004984719279955
time update,,1.3665944635642508
one have,,2.781115821421312
eats door,,1.6750914868078863
save time,,0.8642636729797568
time follow,,1.0945355311037224
do let,,2.947461905045587
town have,,0.4712695675171005
upset have,,0.5342529162281641
take tip,,1.7495052074454696
sorry do,,1.7281498145260368
claim food,,0.9965535121827152
people take,,0.9807467410244328
take people,,0.8716499072002625
driver arrive,,2.16296618119796
have wait,,10.945429659919018
drive restaurant,,1.337999555825906
cause have,,1.436095832714074
someone say,,0.772256921852394
bad app,,2.737287679959615
miss wrong,,0.9543932951081614
time happen,,3.690778555591737
be impossible,,2.4597466648392308
consumer be,,1.295882429578507
pick receive,,1.2817036326332794
late time,,1.5039540946647343
get job,,0.7636054035879205
job get,,0.9675082303807008
pay fee,,1.778904916006923
have car,,1.4542803125382837
be warn,,1.6460719646068507
idk be,,1.5375664323431504
lol be,,1.247603312001237
ticket be,,1.4570918504715151
food quality,,0.9696564761920543
people use,,2.479737410927761
give same,,1.3593108655197386
ask wait,,0.9918804726857038
hour place,,2.6121336166743276
good way,,0.5444509897323602
be case,,4.137321454020828
single order,,1.524970351878734
work contact,,0.4879172360652324
eats last,,0.8182884036069005
first order,,7.850182346086321
want credit,,1.1202080368579945
food cost,,2.0152674994179023
service tell,,5.989061187590147
complain order,,1.6372850768048184
do mean,,1.7464391685158318
be hard,,5.131982331056832
be disconnect,,1.8802131232774264
be hop,,1.3479327783315367
have dinner,,3.094488891922464
low have,,0.47584861527334155
different service,,2.116685368633421
issue see,,1.0858133172890099
someone cancel,,0.9185588017619014
driver keep,,2.2035541412941715
keep tell,,0.8134186980673107
order pickup,,0.8979726658743128
upset order,,0.7002704483789522
year have,,2.0090992574887943
second delivery,,1.1655467719850316
use lot,,2.098845439705939
assume be,,2.075135892589979
be notify,,2.4271214197102826
be real,,3.6610176944297477
food leave,,2.9126214830985435
saw be,,1.4461691883750456
meal deliver,,1.1103468294005685
driver call,,4.196821547823934
tell many,,1.0060389176376
place see,,0.27282891270626247
dollar uber,,1.2173143767886374
good customer,,3.606701940868934
get mess,,1.9790796525505843
experience grubhub,,1.230841062843648
charge fee,,1.6828513110078918
confirm have,,1.1396332942403813
hungry have,,1.270762474440576
do good,,11.221150996923539
get wrong,,6.107188993995546
unacceptable be,,0.8857884376840981
delivery location,,1.156030692861115
get ridiculous,,1.034538184010215
think uber,,0.7356460405003429
update delivery,,1.3056828123303172
option cancel,,0.9337939385045446
time reach,,0.4721388013396402
cancel charge,,2.0262382310957325
wait contact,,1.7906454789812187
please do,,1.4035328108664222
order chicken,,1.4524438386273746
app least,,1.2987976167239006
tell contact,,2.4647291788836974
want money,,2.498304820043922
do convenience,,0.7525710668008082
order today,,2.6387166699099005
half order,,3.0369382234084563
wait more,,0.7407713220287502
use love,,1.2664327160809905
try see,,0.6707410663928409
driver show,,1.9558575761010188
show driver,,2.0073298381814775
have screw,,1.3014193341234774
issue happen,,1.0619536799272498
get charge,,4.785687138571488
money account,,0.608170641513582
want want,,0.733891081232334
arrive time,,1.90075575795749
driver message,,1.4774502606600093
be late,,13.062986654424236
card grubhub,,0.6740973838306111
minute wait,,1.3987605186112588
example order,,0.9208331559417947
order example,,0.446258267054764
horrible use,,0.6754449336278627
person say,,1.0507900702197388
spend uber,,1.2591844820554812
restaurant say,,4.59428309437244
be deliver,,34.38892766030125
see refund,,2.359554772134155
other food,,5.425192114488721
company do,,4.211988482420439
suppose get,,0.8744415965987402
love service,,1.1255082236866891
one use,,0.7432733972945
have complaint,,2.7651837027051465
activity be,,0.5659844245005268
ad be,,0.6843128587302535
be okay,,1.6709926489818563
be prompt,,1.2846480321676452
be reasonable,,1.450906403036762
be separate,,1.568951789088361
be short,,1.0077397614119417
be sure,,7.89992351186711
be suspicious,,0.7020738773834068
be transfer,,1.7625263940975313
bread be,,0.8842232091535649
glad be,,0.9123214001134379
manager be,,1.6741153671068711
manner be,,0.2803178613653106
wan be,,0.859956745049274
food bag,,0.9048155286754354
delivery people,,1.2959943187783285
get someone,,2.19827153343594
find call,,1.229091035911267
explain have,,0.7114969250589929
happen try,,0.8803080007166048
call uber,,3.164870615072992
put order,,3.3929691331229193
be best,,5.478042665217684
do see,,2.925305445829773
take food,,7.5322483903275765
tell need,,0.5520739881217814
policy do,,0.9452582405294734
time waste,,1.6649205451490419
be good,,23.20759475776485
app start,,0.4868497211295045
everything be,,7.157719396446232
credit money,,1.632649770453488
able use,,0.8019122146308323
old order,,1.0120961295407787
screw order,,0.9214394065869751
tonight order,,1.0525276679111397
check order,,3.4711280381300105
say put,,0.6365266455593857
have reach,,1.7333287353016464
delivery show,,1.3356045593377857
fix customer,,0.3479457781383778
drive get,,1.336564609650896
able refund,,1.305360526356761
more item,,0.8292256046257527
other place,,1.4002159242780938
service offer,,2.0409811959091977
have click,,0.8331153432861889
call doordash,,1.6287655515701212
go keep,,1.0305448861273196
pick order,,7.3829386644673285
refund credit,,2.0625015919042373
think be,,9.01461309407849
item pay,,1.5859852907234855
grubhub doordash,,1.629950090155269
point do,,0.9561710071374576
time last,,1.5787344179024978
experience doordash,,0.8723854830277655
account call,,0.4851646795275818
tip delivery,,3.3564232225972734
dollar order,,3.821722342789121
pay uber,,4.110190997102215
half get,,1.4172893375777014
sorry be,,3.882128446975245
be treat,,3.912922416178971
be delay,,5.293994441444382
do arrive,,3.6629277109373115
deliver call,,0.358734794059575
grubhub account,,1.5793334535799275
app refuse,,0.6024592409054087
driver only,,0.8919764798818803
want food,,4.270264499140721
process order,,2.3700219261765527
pas do,,1.1807549363965613
get home,,0.8536221467171022
food deliver,,7.737786067133536
go help,,1.5632305203525978
business uber,,0.9924438078827644
different time,,1.3538015414664308
give tip,,1.7384797584033862
be crap,,1.1667931270882304
be trash,,3.486110002609968
apps have,,1.990802616945334
app love,,0.5694659914256829
hour find,,0.9110566000990871
food night,,1.6017172414041327
half food,,1.3379054872415943
charge item,,1.6514056806807056
wish be,,3.582184516603298
refund send,,1.192420489422407
others be,,2.464567943398962
message get,,0.9927310671037268
be way,,17.623437838757148
go door,,1.167824584427665
give driver,,4.088337081708869
have screen,,1.3840083497335511
be charge,,19.2521778343428
get expensive,,1.4450505264665439
be incorrect,,3.292624552184811
least delivery,,0.852489728649196
next driver,,1.2367142740346684
support take,,1.1289433135944251
order meal,,3.729603693083781
make other,,1.442895976998933
restaurant dasher,,1.1576206900217543
fee other,,1.01465983715787
dasher do,,2.6917401054300063
cancel minute,,1.1754487639282305
minute cancel,,1.610626235478787
issue doordash,,3.0140577910832413
be final,,2.1467646668866203
be ubers,,0.9655465541398176
child be,,0.7062883081434811
client be,,0.6222188706931467
complex be,,0.4096204577267975
girlfriend be,,0.9968078929294332
while be,,1.9957267806371588
new delivery,,1.22797453933513
find customer,,1.6736660358552053
be resolve,,5.418302597263912
have pay,,10.761289892421981
order worth,,2.284056360567036
second order,,4.026671679179727
