feature,feature_dissatisfaction,feature_satisfaction,feature_neutral,feature_frequency
delivery service,0.39670008394961637,0.5702281205188852,0.0,9
whole day,0.0,0.36713732768583707,0.0,2
poor service,0.41785701212406534,0.0,0.0,3
be prepared,1.0,0.0,0.0,2
low pay,0.042805312904701014,0.0,0.0,1
first time,0.0076581486985611595,0.4652547327899864,0.0,16
last time,0.2489496392392155,0.01171339288153748,0.705635972916358,6
first order,0.17236614645875975,0.4879818664107825,0.0,5
store close,0.09124184403943918,0.0,1.0,2
same price,0.06989898407939088,0.10900138534632703,0.0,3
poor service,0.27558540704591145,0.0,0.0,3
be nice,0.0,0.9433446552228103,0.0,6
star review,0.0,0.03877280830774248,0.7785813666353667,2
re order,0.09109176176709328,0.07375656370121145,0.6911689252240286,9
have drive,0.0,0.48727533056049777,0.0,2
uber eats,0.1598707661854705,0.2388122364281413,0.3366780719565866,109
extra money,0.1623328568589249,0.2911680835956732,0.0,2
say sorry,0.20712178619425115,0.10174134870908978,0.0,2
grub hub,0.09236464972378285,0.09230949819317207,0.6028066264639881,17
ur food,0.1103698309018293,0.08627409478578613,0.4093800769267076,31
delivery fee,0.02498377177879704,0.06757417667658953,0.4509963837698576,23
few time,0.10640916098465451,0.1286002685061271,0.0,3
pizza place,0.0,0.6914341290607064,0.0,2
be careful,0.12936037897325323,0.0,0.0,3
pizza place,0.0,0.6338208154184445,0.0,2
uber eats,0.10837893816928702,0.16189461790586537,0.22823942622008822,109
have multiple,0.08654134949365584,0.0,0.4742415632034379,2
second time,0.05727608686753321,0.0,0.6277392513327075,6
be good,0.0,0.689529942422652,0.0,4
re order,0.054462034649876104,0.04409764889850091,0.4132367760183877,9
confirm order,0.36477715381915565,0.0,0.46129790599502507,2
delivery fee,0.0193480501849958,0.052331112096453004,0.34926274317940414,23
hour late,0.11039230147675216,0.0009819090928155304,0.33272986921322345,8
ur food,0.074707400899852,0.058397420144336985,0.2771021870512705,31
delivery driver,0.04249759841308021,0.19736800461553608,0.3048668095592888,11
lose customer,0.4013728840079085,0.0,0.0,1
have drive,0.0,0.25727552995459546,0.0,2
be honest,0.0,0.41398178093366533,0.0,1
be deliver,0.0179502346139774,0.08100337194004208,0.31147593425100517,10
need help,0.0,0.2577764822239255,0.3882230380826264,2
arrival time,0.007839602259737646,0.10269149333561507,0.25776338725735265,3
be good,0.0,0.5612396563201721,0.0,4
quality food,0.0,1.0,0.0,1
be good,0.0,0.5499492097480829,0.0,4
say help,0.0,0.24584858277184415,0.3702590821651563,2
first time,0.002646928474222127,0.16080857769447676,0.0,16
contact uber,0.0,0.09553559579888282,0.0,1
bottom line,0.32112741485972657,0.10126687686875391,0.0,2
uber eats,0.07566115435640233,0.1130213478906152,0.15933777124187165,109
original order,0.0,0.17198903057477796,0.0,2
delivery fee,0.014596209143201196,0.039478699380699325,0.2634845370273082,23
grub hub,0.04841456472271045,0.048385656072525575,0.3159717545564922,17
do anything,0.07453569009996992,0.05936300009036426,0.21745714313048375,18
next time,0.0,0.08338502002547317,0.0,1
first place,0.02390587575787448,0.1391754326850211,0.0,4
do anything,0.0717709344483156,0.05716104570074416,0.20939099569619773,18
food quality,0.0,0.4576667118128159,0.0,1
many time,0.0,0.31325668496785547,0.0,7
hour wait,0.013998348663075309,0.07130874306656654,0.1534202734550669,4
group order,0.0,0.16267523713485463,0.0,1
missing item,0.10406112371073695,0.009511850719820346,0.03061891319639946,20
get money,0.2259225791136978,0.0,0.0,1
deliver food,0.0,0.08661751812491623,0.2019869406055539,3
someone cancel,0.28521993749430896,0.0,0.0,1
delivery person,0.1437200003562825,0.041399729977047585,0.09844715565355057,6
new place,0.0,0.10678751390886092,0.0,1
delivery apps,0.032466999228840845,0.1060533787447066,0.09704578251939784,6
year old,0.21319698642433962,0.0,0.0,1
delivery fee,0.0123543296024062,0.033415036715245525,0.22301508450836435,23
reach customer,0.22971380244714945,0.0,0.0,1
something wrong,0.049133551089322575,0.0,0.0,1
good company,0.0,0.05606564592720826,0.0,1
order something,0.0,0.17415939507626815,0.0,3
uber eats,0.061171920191651734,0.0913775758766571,0.12882432879638794,109
food sit,0.0,0.05403703340995816,0.2775827514055728,2
late night,0.1005942472702041,0.110722647941675,0.0,2
first time,0.00197961874249651,0.12026757710245549,0.0,16
use app,0.12581005085301605,0.0,0.0,1
last time,0.06263199212495121,0.0029469138133916464,0.1775274181309912,6
new customer,0.0,0.0433868511901295,0.0,1
first time,0.0018867100389386982,0.11462310403864895,0.0,16
thing happen,0.0,0.0945952534859928,0.0,1
credit card,0.02672897777634259,0.041743360310514684,0.16076331670195051,16
many other,0.0,0.1714636284391007,0.0,4
hour late,0.06253052098628825,0.0005561917480981097,0.18847122300447713,8
be great,0.0,0.49508392048620975,0.0,3
full refund,0.01722139778952112,0.09634328761647976,0.0,7
home page,0.10626788960480368,0.0,0.0,2
uber eats,0.05266030162315051,0.07866306455937908,0.11089937980634974,109
be closed,0.04400737483252675,0.00960759421546547,0.0,4
delivery fee,0.010295604939255212,0.027846757219741926,0.18585186566056475,23
be separate,0.2855281294633118,0.0,0.0,1
be aware,0.0,0.11587507772499234,0.0,2
correct address,0.007896831087476996,0.008466164545249372,0.23182593852473546,4
original order,0.0,0.11421737960373729,0.0,2
wrong address,0.1610453021012341,0.010260555558815975,0.0,10
rate driver,0.0,0.29944427623428027,0.0,1
last few,0.13026497082280097,0.0,0.0,1
many people,0.0,0.18323859281750882,0.0,2
same thing,0.008402498921926814,0.058701288387212294,0.2210169865035577,4
many issue,0.0,0.10982770799800975,0.0,3
different driver,0.0,0.07155723954591033,0.21553687670535798,2
delivery person,0.10446401902941471,0.03009172118990936,0.07155709376627975,6
tip more,0.0,0.16259005085849396,0.0,1
last time,0.04951408142254177,0.0023296996558945285,0.1403453209429328,6
order status,0.022400508552147563,0.0,0.21043454463219127,2
get food,0.07890596636171163,0.051146006714534446,0.06984924811955776,6
find option,0.0,0.11031706803583222,0.0,1
uber eats,0.045184509154794904,0.06749585268544918,0.09515581733618826,109
uber cash,0.012937444417361709,0.02095577989985553,0.1646627062418978,5
do anything,0.046745488274681654,0.03722984815666406,0.13637950250165995,18
whole point,0.0,0.09065395857366092,0.0,2
ur food,0.034868624858231244,0.027256171559643126,0.12933353444645554,31
customer experience,0.11415147224274885,0.053221760924714964,0.0,3
something go,0.1216376118589723,0.006638914616735594,0.0,3
delivery fee,0.008553129835678647,0.023133845112388658,0.15439744887034357,23
ur food,0.03411629057162796,0.02666808549461378,0.12654300133058805,31
great service,0.0,0.1917418741060229,0.0,1
live person,0.04962617455714473,0.0,0.0,2
be good,0.0,0.2853187649520827,0.0,4
uber eats,0.042062969652103654,0.06283294997019188,0.08858204574318054,109
ad be,0.018736077213104992,0.0,0.3080178411070865,5
last time,0.04519687520490778,0.0021265696865870537,0.12810840419555217,6
say sorry,0.05719449724150975,0.028094800624363415,0.0,2
be closed,0.03421362649971608,0.007469444412435421,0.0,4
uber cash,0.011709161000235344,0.0189662341971972,0.14902959780321284,5
look good,0.0,0.1976148527055313,0.0,1
ur food,0.03224626487359884,0.025206320327399553,0.11960676469908499,31
subscription service,0.0,0.20209447518054732,0.0,1
hour late,0.044853896295339216,0.0003989630439027768,0.13519267963803297,8
delivery time,0.05348261987057179,0.014243242087220342,0.11989703750344839,6
credit card,0.01859414417169385,0.029038972845106696,0.11183578785872947,16
ur food,0.03112109572316735,0.024326796012274787,0.11543332500460078,31
take money,0.0,0.02365838466536072,0.0,1
uber eats,0.03868803677822266,0.05779153253886904,0.08147464318252141,109
be able,0.008966491620024632,0.1259620228779187,0.0,8
full amount,0.0,0.1068907960760965,0.0,7
wrong address,0.12563458209183556,0.008004459570336185,0.0,10
provide refund,0.050782065483913855,0.0,0.0,1
delivery time,0.051294760674302324,0.013660581621808757,0.1149923070182516,6
delivery time,0.051181188457066124,0.013630335598177319,0.11473770145812252,6
available item,0.0,0.06543070974947078,0.0,1
want full,0.0,0.07810930568853479,0.0,1
much money,0.0,0.18285348300626703,0.0,1
first thing,0.009350714731338439,0.06604618934237373,0.0,5
lunch hour,0.0924116347349879,0.0,0.16277476648866143,2
re order,0.018914891564631473,0.015315297207175348,0.143518854173464,9
phone call,0.10971833967063467,0.0,0.0,2
anyone use,0.2329118720503499,0.0,0.0,1
customer service,0.06392880789203413,0.025096698497318364,0.09697407294707217,115
local restaurant,0.0,0.0789320038386283,0.0,2
same price,0.011226470822025667,0.017506704686309122,0.0,3
phone call,0.10741168611640593,0.0,0.0,2
credit card,0.01628387545507689,0.02543096432870136,0.09794051417995717,16
customer service,0.06276621992892198,0.02464029831485113,0.0952105348230291,115
timely manner,0.004493695033525321,0.07416245844311398,0.051712894047520504,6
be ready,0.0,0.1583620347885749,0.0,2
ur food,0.02672149102265887,0.020887704823585047,0.09911445873449388,31
ur food,0.0265711661356564,0.020770198586201636,0.09855687870286527,31
exact same,0.0,0.02209245468038068,0.0,3
uber eats,0.032929051996983004,0.049188858841991055,0.06934657287399677,109
other apps,0.026382348018679676,0.003334835197992378,0.0,5
many time,0.0,0.15144674688705995,0.0,7
suspicious activity,0.11944180676069201,0.0,0.0,2
missing item,0.05092101431314721,0.004654505634542892,0.014982983668914528,20
delivery person,0.07229196093300647,0.020824294842182067,0.04951946780426638,6
do anything,0.03379740586274355,0.026917513000727318,0.09860359935322635,18
be convenient,0.03575425863094001,0.0,0.14694844375138866,2
free grubhub,0.026620363286596713,0.07748932970112418,0.0,2
first time,0.0010516051225042296,0.06388805957283292,0.0,16
be convenient,0.035356083308707494,0.0,0.14531196054120005,2
delivery person,0.0703736640953505,0.020271713636379772,0.04820544841310114,6
wrong address,0.10293245858093318,0.006558056623168611,0.0,10
go get,0.0,0.007647373643839067,0.1903965379973234,3
full amount,0.0,0.08659738949531479,0.0,7
different place,0.012039524945056565,0.0,0.2131528973074181,4
dash pas,0.031899167243416494,0.03787609910213276,0.049937498740697,17
pick food,0.10305906654300422,0.0,0.0,1
delivery fee,0.0061034997516276335,0.016508274819898496,0.11017777222334313,23
uber eats,0.03052989037773755,0.045605031945334606,0.06429408499548928,109
contact support,0.009155994904369564,0.039218748794145684,0.12385889181488248,9
extra money,0.030912992116420752,0.055447041633528225,0.0,2
delivery service,0.04311658549257799,0.06197702118900285,0.0,9
whole thing,0.0,0.06748403654547945,0.0,1
customer service,0.05527740567635938,0.021700395013097236,0.08385069809900397,115
same message,0.03351616643932263,0.0,0.0,1
be nice,0.0,0.16077445941796278,0.0,6
be able,0.006868474060114541,0.09648889703575741,0.0,8
same thing,0.005135102552795941,0.03587470092533637,0.13507230434079368,4
contact support,0.008860946796131761,0.037954941009188926,0.11986759080389423,9
big deal,0.028695042108799345,0.0,0.08957116848825908,3
multiple time,0.026347197795303878,0.007292977691153223,0.07322369445812729,11
ad be,0.013022386831867527,0.0,0.21408576792198497,5
great app,0.021689413607344762,0.0,0.0,1
be deliver,0.006133380418393573,0.027677883100984176,0.10642760036397429,10
dash pas,0.02982299868028334,0.03541091981861421,0.04668729900301161,17
most restaurant,0.0,0.1253190652644245,0.0,1
get further,0.036108859914100705,0.0,0.0,1
more dollar,0.0,0.06772122904559864,0.0,1
be super,0.0,0.0855781089781958,0.0,1
full amount,0.0,0.07806867957739955,0.0,7
wrong order,0.09233328633695705,0.0,0.0,2
say help,0.0,0.08419442947570455,0.12680061780150126,2
customer service,0.05075187105062967,0.01992379410677456,0.0769858817604735,115
hour wait,0.0057639772709690736,0.02936217579301002,0.06317252058690993,4
order something,0.0,0.07824328763569878,0.0,3
customer service,0.05041710190386373,0.019792372911547892,0.07647806801062634,115
delivery guy,0.04580783380235077,0.0,0.1255121328503357,2
long time,0.03098216094203377,0.024949025006834737,0.0,3
same thing,0.004732617015034918,0.03306286841654082,0.12448543708930565,4
be available,0.0,0.04941723356300133,0.0,1
credit towards,0.01564806680918154,0.021710759390073556,0.0,2
pay more,0.0,0.032146017064835206,0.0,1
missing item,0.041005283252379926,0.0037481445434395157,0.012065381995955205,20
only thing,0.012214482040372858,0.019162500453519835,0.04016079081575728,6
store close,0.010977943213591693,0.0,0.12031698097691346,2
do anything,0.02743978592403468,0.021854067656760096,0.08005530568174146,18
company do,0.029032085792051805,0.023391056345526757,0.07954707102232259,3
second time,0.014512865138088893,0.0,0.15905931418720295,6
wrong address,0.08440688311976056,0.0053777508719402055,0.0,10
take advantage,0.011151439149832866,0.07825364671789727,0.11785353034446414,4
real person,0.0,0.03902072814953276,0.0,4
uber eats,0.02560553051273364,0.03824910677903959,0.053923683798771965,109
service fee,0.010060233928549931,0.04993757087294305,0.0,3
customer service,0.04714107042173898,0.01850629270630674,0.0715086320646128,115
someone el,0.008701896218414296,0.03510540157340931,0.023434796913865987,10
old order,0.06855359865990324,0.0,0.0,1
first time,0.0008378721381995962,0.050903161209638406,0.0,16
first thing,0.006539372379383416,0.04618904958158487,0.0,5
treat customer,0.022389662545690667,0.05100586814660191,0.07681714375601703,3
total waste,0.0,0.015002463664433445,0.0,1
delivery apps,0.012690065757835456,0.04145207078193547,0.037931357715306924,6
many other,0.0,0.07639329535103567,0.0,4
correct address,0.00385552760095449,0.0041334974392697,0.1131860735905485,4
house number,0.0,0.01877784264862049,0.0,2
specialized team,0.00457923668549474,0.0,0.15056370463694402,3
save money,0.0,0.030582974502666994,0.056399194905199436,4
customer service,0.04523717127556638,0.01775887406334547,0.06862059362352965,115
menu item,0.003046090277076386,0.024938092532660824,0.07511578995484215,3
support person,0.01796903430495333,0.036777754112455444,0.0,2
uber member,0.0,0.14648293759161626,0.0,1
take day,0.022573345381531645,0.0,0.0,1
uber eats,0.023955940808147544,0.03578497768314211,0.05044974860404618,109
grub hub,0.01581536170631814,0.015805918251404677,0.10321703016255361,17
uber eats,0.02380433125043572,0.035558505899682756,0.050130468132709806,109
waste time,0.0,0.04342114394448703,0.0,1
uber cash,0.0068388828607364414,0.011077467803313918,0.08704261237319699,5
same restaurant,0.022030972402505886,0.0,0.0,1
be perfect,0.0,0.28839882225139046,0.0,1
pay extra,0.059105821956485484,0.0,0.0,2
customer service,0.043293680102883224,0.016995912675493496,0.06567249774991256,115
driver pick,0.02168658300871465,0.056814810656788596,0.0,2
be fan,0.0,0.11339133938909064,0.0,1
multiple time,0.020825347933646265,0.00576451427854149,0.05787746104632454,11
several time,0.0,0.12636815066236837,0.0,1
debit card,0.038179107770516196,0.009760934058856828,0.0,8
few minute,0.02881559530537694,0.0019971295538346217,0.0,4
customer service,0.04212396500145422,0.01653671457378792,0.06389814841799893,115
same thing,0.003990847475289124,0.02788074009090204,0.10497413814383111,4
be careful,0.025048952510735106,0.0,0.0,3
bad experience,0.06356333975360753,0.018502679839654285,0.0,3
hour late,0.0256784236963963,0.00022840250071215585,0.07739650721842212,8
deliver wrong,0.12514841629952808,0.0,0.0,1
multiple time,0.020018642171339893,0.005541215877947509,0.055635477791951236,11
customer service,0.04087396586546457,0.016045999159685048,0.06200201565103171,115
full price,0.0,0.07498526022191757,0.0,1
uber eats,0.022060175213900902,0.032953115222557325,0.04645738201707354,109
delivery time,0.030113933211594026,0.008019802357646377,0.06750924671200531,6
uber eats,0.021872124556451152,0.03267220834296398,0.04606135881476462,109
door dash,0.005788570666297191,0.044309190484947004,0.03571166779435439,28
whole process,0.0,0.07960487113169028,0.0,1
customer service,0.04007304196684471,0.015731578380293893,0.06078708837284771,115
be closed,0.018192762992708143,0.0039718043886336875,0.0,4
many people,0.0,0.0822880668794095,0.0,2
ur food,0.017290548852959744,0.013515708400109452,0.06413352418584103,31
only problem,0.0,0.026936157210073267,0.09894407494608477,2
customer service,0.03959139337610899,0.015542496339474889,0.060056472127793664,115
other person,0.010473595896268749,0.0,0.09839090831183817,2
min try,0.0,0.15655962759747447,0.0,1
first place,0.007419243852217482,0.043193417542460345,0.0,4
next order,0.011862176156144568,0.009495656335770548,0.07800484271898639,5
driver drop,0.0,0.06462311745870825,0.0973253369498483,2
do anything,0.0222076825574487,0.017687025636932238,0.06479069554483695,18
uber eats,0.021119495352855528,0.03154794361589509,0.04447636766715966,109
uber eats,0.021112833724906317,0.0315379925891579,0.04446233868545427,109
correct order,0.0,0.032113002140845545,0.0967272665490338,2
burger king,0.07841550993589237,0.0,0.0,1
free grubhub,0.017642488893058042,0.05135559661091979,0.0,2
contact support,0.00634530331502701,0.0271794446517157,0.08583690194644761,9
follow simple,0.0,0.013105141758654537,0.0,3
many other,0.0,0.06474604235469482,0.0,4
ice cold,0.11600638601883173,0.0,0.0,3
customer experience,0.05426681860500943,0.025301256209808973,0.0,3
uber eats,0.020737994719700767,0.03097806444676203,0.04367295062797589,109
new driver,0.01695175786943439,0.014675867203054976,0.0,3
most people,0.0,0.023033522087166875,0.09460779772038516,2
have deal,0.0,0.12553782578042721,0.0,1
many thing,0.0,0.12515215269640212,0.0,1
do anything,0.02148886235567521,0.017114530451798806,0.06269354467265097,18
delivery fee,0.0040695553886618985,0.011007019166817178,0.07346187677695899,23
food delivery,0.09224606679320428,0.011678520832879275,0.0,3
credit card,0.009743733807038375,0.015217049992721457,0.05860437226547597,16
do anything,0.02142248378166407,0.017061664082818527,0.06249988583551965,18
ur food,0.016185248963453767,0.012651715525835895,0.060033782887917754,31
credit card,0.009599412701293527,0.014991659857418503,0.05773634282477767,16
whole order,0.0,0.04898766492768943,0.0,1
good experience,0.0,0.07755925893748039,0.0,2
have multiple,0.01679012040484881,0.0,0.09200888354246396,2
deliver food,0.0,0.026241039839816672,0.06119255631302063,3
uber eats,0.019780635712917306,0.029547977815355352,0.04165681101555803,109
be closed,0.016537748144898286,0.0036104851520548154,0.0,4
awful experience,0.0428079317440047,0.0,0.0,1
deliver food,0.0,0.02585911723438686,0.06030193533600749,3
order status,0.009625058727965872,0.0,0.0904195922946317,2
customer service,0.036250157516570986,0.01423081868208967,0.054988127188163004,115
few minute,0.024681710720190347,0.0017106213977571936,0.0,4
delivery fee,0.003906577310458401,0.010566208645954258,0.0705198660768009,23
first order,0.015230239731689596,0.04311798437712212,0.0,5
be able,0.0045292191656785144,0.06362684897760927,0.0,8
few time,0.016902003095259764,0.020426832767295795,0.0,3
hour late,0.022132727842900077,0.00019686451344007875,0.0667095399043825,8
email say,0.0329770658803843,0.0,0.0,1
uber eats,0.019318663026092697,0.028857890858611113,0.040683924744929434,109
good deal,0.0,0.08914054380018846,0.0,1
uber eats,0.019243064375706293,0.028744962878089725,0.04052471860323188,109
long time,0.021832476678573274,0.017581052775304064,0.0,3
do anything,0.020093911868289165,0.01600353992098482,0.058623790339007734,18
online delivery,0.0,0.1358505216872134,0.0,1
many issue,0.0,0.04456772510524112,0.0,3
business day,0.019754372542870303,0.027499298947798706,0.07920937529254474,11
ur food,0.015135894981774289,0.011831454552891372,0.056141554275867214,31
customer service,0.034888726481262684,0.013696358157255124,0.05292296256389276,115
delivery fee,0.0037694115883451385,0.010195213392630667,0.06804380901071927,23
first time,0.0006277275303239953,0.03813626711644884,0.0,16
delivery fee,0.00375580246941743,0.010158404498642382,0.06779814300492044,23
new driver,0.015436140626958991,0.013363732051494303,0.0,3
customer service,0.03472619677940397,0.013632553449191476,0.05267642007884083,115
uber eat,0.0,0.020684206399639783,0.0,1
door dash,0.004996767340858349,0.038248253097112474,0.03082676287625934,28
issue refund,0.0,0.02291634173619221,0.0,1
wrong address,0.06133533490792185,0.003907811052729191,0.0,10
many review,0.0,0.06394599908618338,0.0,2
credit card,0.008887724706271855,0.013880197658847229,0.053455845325247005,16
uber eats,0.018596627936681598,0.027779327099919857,0.03916336293373561,109
lunch break,0.0,0.00943987748906874,0.11373505872426483,3
provide proof,0.0,0.002020770633759582,0.08521441384619714,2
base price,0.1656474328004947,0.0,0.0,1
first time,0.0006141802342334401,0.03731322960820385,0.0,16
be able,0.004309530755614957,0.060540647851559166,0.0,8
make more,0.0,0.056107373307498064,0.0,1
do anything,0.019263818064399786,0.015342422294124379,0.05620199982654324,18
wrong house,0.10227916735413642,0.0,0.0,3
delivery driver,0.008472981976581745,0.0393503540978126,0.06078298725367005,11
service fee,0.007144269732344184,0.035463139190222044,0.0,3
parking lot,0.006755086402820052,0.0135185943445945,0.05552622106064772,3
first order,0.014104644584771208,0.039931337626000526,0.0,5
home page,0.03616384866017827,0.0,0.0,2
be aware,0.0,0.04109993205933249,0.0,2
be deliver,0.0038037315051612317,0.01716496104361277,0.06600308295065557,10
wrong address,0.05876886659921012,0.0037442956298767978,0.0,10
loyal customer,0.006307388947073223,0.0369162068964366,0.0,8
use grubhub,0.06581648375081493,0.0,0.0,2
ur food,0.014281358850199653,0.011163479159516643,0.052971937502676314,31
delivery window,0.01496694211599219,0.010891834004644345,0.0,2
delivery time,0.024229510169282344,0.0064526902352767075,0.05431758011269557,6
taco bell,0.015875573898228166,0.010201416879601789,0.0,3
estimated delivery,0.010839184922460316,0.03370309100930833,0.03239896533887891,5
charge more,0.0,0.06713229899309746,0.0,1
dash pas,0.018198249286254308,0.02160804663619365,0.028488989818465305,17
ad be,0.007854088819296572,0.0,0.12911985014082475,5
customer service,0.03214267170481179,0.012618332286694536,0.0487574521314452,115
delivery fee,0.003472725187305442,0.009392758925030506,0.06268815274042956,23
house number,0.0,0.013296667258527546,0.0,2
escalation team,0.01727920776703408,0.01768293279833469,0.05326259272338894,3
couple year,0.0016198791367156603,0.0,0.0,1
treat customer,0.015523842326213887,0.03536484988121912,0.05326106300999324,3
customer service,0.032051700563730204,0.012582619509075783,0.0486194573468995,115
delivery people,0.0,0.07260316239980355,0.0,1
hot food,0.006657669160373323,0.0,0.0,1
countless time,0.0,0.0017392596713338305,0.1047761483583712,3
have issue,0.0,0.02077230017981718,0.0,1
full amount,0.0,0.047126857551923834,0.0,7
customer service,0.031169500594127687,0.012236291970967293,0.047281241806409226,115
delivery service,0.024117207764152902,0.03466676870495201,0.0,9
uber cash,0.004880916344012182,0.007905997916981551,0.06212238431469537,5
make sure,0.0,0.07046682704467461,0.0,7
take people,0.0,0.02052901460544709,0.0,1
someone el,0.005739496817870365,0.023154417791638553,0.015456854338247011,10
customer service,0.03101217941010166,0.012174531984305091,0.0470426001598823,115
bottom line,0.07051142460613298,0.022235634277904145,0.0,2
grub hub,0.011144540098879127,0.011137885621801142,0.07273348235053372,17
be able,0.003908616821464359,0.05490857543286917,0.0,8
uber eats,0.01674601290633713,0.02501490978517839,0.03526608067746976,109
get food,0.028877989566019648,0.018718405164385568,0.025563413660563063,6
do anything,0.017458050336699203,0.013904241609959634,0.05093369023289317,18
dasher do,0.0,0.006697645790215855,0.07565218017307213,2
girlfriend be,0.0,0.03245108184380368,0.0,1
get ready,0.0,0.04999231564890404,0.0,1
grub hub,0.010851531263992754,0.01084505174438793,0.070821195909669,17
be rip,0.18274298428046604,0.0,0.0,1
dash pas,0.01691148678356535,0.020080184052796178,0.026474589242824385,17
someone el,0.005570697839727079,0.02247344484457427,0.015002267237600493,10
double check,0.0,0.016892532050862736,0.0749628804108385,6
few dollar,0.013663243753463086,0.0,0.0,1
last night,0.016884379126628206,0.0008776573412978992,0.08922093665557851,5
uber eats,0.016178665933162643,0.024167416508406668,0.03407128259389025,109
door dash,0.0042993931221437225,0.032910132708217785,0.026524423341547212,28
someone el,0.005502548408018652,0.02219851474806705,0.014818736194274195,10
uber eats,0.016122121389985904,0.024082951229756587,0.03395220323854183,109
other apps,0.01293555842639799,0.0016351067583330982,0.0,5
last time,0.017375803853969564,0.0008175533726260947,0.04925089385615877,6
fast food,0.0,0.03911544784144825,0.0,1
last straw,0.004456411625064331,0.0,0.07326262975030545,2
next day,0.008727139432417718,0.012972187718880767,0.04884175316687028,3
small percentage,0.013350270777842508,0.01149648577755498,0.0,2
do anything,0.01669939807691606,0.01330002269006157,0.04872032972303999,18
tip include,0.0,0.014046776828487149,0.0,1
pay extra,0.0398033624559436,0.0,0.0,2
customer service,0.029175012420023468,0.011453310557541032,0.04425578821099256,115
delivery fee,0.00315209642189755,0.00852554699910113,0.056900299128419006,23
missing item,0.024633856476951755,0.0022516916703069086,0.00724825839145272,20
multiple occasion,0.01084021030583497,0.0007753025644175795,0.04816518013179674,3
gift card,0.012147007112293003,0.008108763032241709,0.07224096879685907,14
uber eats,0.015692068831410836,0.023440546018688783,0.03304653880897955,109
shake shack,0.011685680293891134,0.012755961338596541,0.04802763640238366,3
loyal customer,0.005500322819235974,0.03219256920668056,0.0,8
live person,0.018293952351332434,0.0,0.0,2
multiple time,0.014066247478734096,0.0038935764576425854,0.03909268133777835,11
feel bad,0.017380515175340654,0.0,0.0,1
good customer,0.0,0.13220848941941685,0.0,1
next day,0.008463433704426721,0.012580210458458448,0.04736591447138889,3
ur food,0.012307815985658355,0.009620796500967546,0.04565173846728318,31
customer service,0.028391176091702035,0.011145597890094583,0.04306678119228541,115
food delivery,0.06944459177404384,0.008791812377020638,0.0,3
customer service,0.028320115738602367,0.01111770154233434,0.04295898922662308,115
extra hour,0.0,0.046860235835634326,0.0,1
customer service,0.02822986962368835,0.01108227339012516,0.042822094239536215,115
true cost,0.010408751718263564,0.033259907027197284,0.0,3
uber eats,0.015230643721168571,0.02275127702254713,0.03207480570119872,109
lunch hour,0.039652098445719694,0.0,0.06984359798197315,2
last straw,0.004239663571952748,0.0,0.06969932956616097,2
extra fee,0.0,0.022539046773348777,0.046427326048697135,6
real human,0.0,0.02877342414221129,0.0,3
estimated delivery,0.00923166028752422,0.02870469403956099,0.02759397905058642,5
uber eats,0.015026300516037216,0.02244603261182288,0.03164447138828715,109
whole point,0.0,0.030971472901713953,0.0,2
ur food,0.011994161786679529,0.00937561870308973,0.04448834282685176,31
dash pas,0.015546506607650787,0.018459448187785228,0.02433774048763068,17
time frame,0.04401751638128109,0.0,0.0,1
customer service,0.027654783634232724,0.010856510386507532,0.04194974212581473,115
own risk,0.010014466995605544,0.015253511394588524,0.0,2
big deal,0.014715581859478884,0.0,0.04593448084656967,3
double check,0.0,0.0155232748116538,0.06888661745834339,6
do anything,0.015726967896424606,0.012525543070768249,0.04588327423110169,18
correct address,0.002343779655499699,0.0025127578393737827,0.06880594409484807,4
first time,0.0004964053407975139,0.03015806342747878,0.0,16
first time,0.0004959736162418023,0.030131834909241345,0.0,16
full amount,0.0,0.041584900089979095,0.0,7
uber eats,0.01490197624944244,0.02226031913301623,0.03138265207401691,109
hour wait,0.0031176053622862174,0.015881338943116288,0.03416859221892361,4
double dash,0.0,0.04533759612897007,0.0,1
other delivery,0.019512940684937908,0.01699477143653064,0.0,2
uber eats,0.014855622264037789,0.022191076336562785,0.03128503341110621,109
grub hub,0.009817952303498216,0.009812089940585317,0.06407566882519339,17
uber eats,0.014805206683224258,0.022115766397840565,0.03117886127626335,109
grubhub guarantee,0.024806802477654273,0.0,0.06796991758225415,2
ice cold,0.08235853790591681,0.0,0.0,3
uber eats,0.014732733534100267,0.022007507238043858,0.031026237249382888,109
love doordash,0.0,0.08976537606383804,0.0,1
love grubhub,0.0,0.02860483535428035,0.0,1
loyal customer,0.005150499870998486,0.03014510765918097,0.0,8
bank account,0.007091881890136484,0.0347371456396774,0.0,3
one accept,0.004071561417846853,0.008888944199667476,0.0,2
delivery address,0.0,0.03500021778619082,0.0,2
next order,0.00814166590266621,0.006517392794941197,0.05353902689086607,5
driver pick,0.013558404016689741,0.03552049470895994,0.0,2
do anything,0.01527891252296181,0.012168695081037621,0.0445760770837109,18
uber eats,0.014556327436104811,0.02174399480367557,0.03065473677827367,109
missing item,0.022686485841906724,0.002073689568117417,0.006675264651721372,20
be deliver,0.0030774440833306743,0.01388747016780528,0.053400403480757565,10
customer service,0.02676641016802433,0.010507759302769112,0.04060216196349057,115
missing item,0.02262093983096489,0.002067698244469098,0.006655978413519892,20
priority delivery,0.022222610526735243,0.008821076226085692,0.033212349145514596,4
uber eats,0.01446571429609661,0.021608638433455757,0.03046391103821005,109
be deliver,0.0030603549870108497,0.013810352823376048,0.05310387018433084,10
delivery instruction,0.026918305784718558,0.003917830609448087,0.04425322515360904,3
have wait,0.0,0.017611497363842887,0.0,1
promo code,0.0,0.02570152855993578,0.04409267916260443,3
significant amount,0.0,0.06585426443810093,0.0,1
customer service,0.026471305386137973,0.010391909250494972,0.040154515376774814,115
wrong place,0.008025405397923768,0.0,0.0,1
uber eats,0.014351711174134219,0.02143834250528059,0.030223827424331537,109
first time,0.00047527518001840843,0.028874344908285724,0.0,16
customer service,0.026402794224293414,0.010365013645380282,0.04005059029783975,115
make sure,0.0,0.059841849824459815,0.0,7
uber eats,0.014330876028102952,0.021407219317853898,0.030179949878973385,109
parking lot,0.005325706847328104,0.010658053231887864,0.043776845783274225,3
local restaurant,0.0,0.03269154411872364,0.0,2
uber eats,0.014274174923771102,0.021322520170808292,0.030060540815391914,109
quality control,0.011958517210931656,0.0,0.06553197897755442,2
many time,0.0,0.06562732744690923,0.0,7
customer service,0.0261368067532038,0.010260594251587263,0.03964711197132365,115
take advantage,0.006155403805337167,0.043194675442054936,0.06505313434505067,4
uber eats,0.014165822292273282,0.021160664849361674,0.029832356789415652,109
customer service,0.026081052601478315,0.010238706699136839,0.039562538093680495,115
door dash,0.003746654450273332,0.02867913951279969,0.023114389852303595,28
wasted time,0.002505235848123229,0.010027189916916139,0.0,2
other day,0.006560571899513349,0.0,0.0,1
save money,0.0,0.017512725251777626,0.03229586463900301,4
menu item,0.0017441343822931837,0.014279085863722094,0.04300989793352349,3
wasted time,0.002496302397041577,0.00999143383803192,0.0,2
job do,0.0,0.034212940896783256,0.0,1
actual price,0.0,0.05696938182321087,0.0,1
door dash,0.0037251516469314363,0.028514544163764106,0.022981731720640074,28
customer service,0.025800743593493963,0.010128665062331328,0.039137335323844696,115
grubhub decide,0.0,0.0060989490584865995,0.0,1
uber eats,0.01400518290145074,0.02092070445449947,0.02949406004090523,109
uber eats,0.013983939305641707,0.020888971131729002,0.02944932232525493,109
estimated delivery,0.008590928037320414,0.026712417175968523,0.02567879242775841,5
delivery fee,0.0027831987388860125,0.007527781032132051,0.05024111561952732,23
shake shack,0.01039486429766943,0.011346920655560425,0.042722438949623784,3
customer service,0.02568540066900978,0.010083384590271386,0.038962370804065935,115
do anything,0.014626638072026486,0.011649199410736843,0.04267307278540555,18
do anything,0.01462370353270504,0.011646862234308036,0.042664511295783726,18
timely manner,0.0018537088868152553,0.03059299913733061,0.021332255647891863,6
real human,0.0,0.02655828582765291,0.0,3
customer service,0.025529166294300906,0.0100220512551714,0.0387253777464847,115
ur food,0.011065337010522255,0.008649573223787926,0.04104317710350387,31
customer service,0.025499286839300646,0.010010321399756713,0.038680053384208005,115
customer service,0.02549713273403747,0.010009475757047227,0.03867678580629101,115
be deliver,0.0029215845016772016,0.01318412829319478,0.050695897949131985,10
only reason,0.0,0.01603515900804131,0.03619219736886116,7
customer service,0.025400554142957596,0.009971561648188484,0.0385302850401212,115
be lazy,0.03848928422931011,0.0,0.0,1
loyal customer,0.00482084429174366,0.028215682714809544,0.0,8
door dash,0.0036443822238333813,0.027896286573121053,0.022483437586923442,28
delivery person,0.030595432190215367,0.008813266268201843,0.02095764867555622,6
use uber,0.0,0.03334856991708412,0.0,1
cold food,0.06562525354163429,0.0,0.0,2
few minute,0.017169070182630506,0.0011899409715541423,0.0,4
missing item,0.02131172388046796,0.00194802755250396,0.006270755112885186,20
ur food,0.010885547199535528,0.00850903478979881,0.04037630676356605,31
customer service,0.025089970513777534,0.009849635024546447,0.038059158477537124,115
delivery person,0.03040342699942875,0.008757957591378509,0.02082612651540592,6
gift card,0.010504248333126517,0.007012135563742546,0.062471114823000065,14
door dash,0.003616449719675469,0.02768247443903735,0.022311112436785723,28
find other,0.018918393984771565,0.0,0.0,1
business practice,0.0,0.041299995884604555,0.0,1
be fair,0.012611581785201702,0.037169996296144106,0.0,2
bad experience,0.037786521897784385,0.010999294870894665,0.0,3
debit card,0.0224333407428038,0.005735345127144996,0.0,8
contact support,0.004063438027919197,0.017405312794733858,0.05496867750071964,9
business model,0.018777622349387887,0.0,0.06174016718010855,2
different location,0.003125637765658664,0.0,0.06166192707311507,2
take advantage,0.005831345969253977,0.04092064541953543,0.06162834230654835,4
ur food,0.010719448987351953,0.008379198830238214,0.0397602208429344,31
customer service,0.02472985986066537,0.009708265448218829,0.037512904012681605,115
uber eats,0.013423262117430156,0.020051441066503032,0.028268570401553565,109
customer service,0.024728712685658842,0.009707815098740847,0.03751116385458329,115
gift card,0.010362059071757124,0.006917216789470378,0.06162548347538683,14
hour late,0.015277018115070654,0.00013588486513663935,0.04604596671504297,8
be deliver,0.0028278257599741,0.012761026624044868,0.04906897817375305,10
bank account,0.006466985855350524,0.03167630721818491,0.0,3
lot more,0.0,0.08145336146473463,0.0,1
uber eats,0.013314018031584001,0.0198882541056849,0.028038509027151458,109
customer service,0.024513621705676707,0.00962337627292663,0.03718489078504202,115
delivery apps,0.0068099720141685536,0.022244758013174055,0.020355409454136532,6
multiple occasion,0.009162507800881348,0.0006553116216477749,0.040710818908273064,3
contact support,0.004007413429387533,0.01716533727278846,0.05421079758040737,9
get food,0.02291377798774181,0.01485246676333807,0.020283766080315947,6
horrible service,0.0591750634809258,0.0,0.0,1
wrong address,0.04334503181098091,0.0027616086982509267,0.0,10
have trouble,0.029570199688833145,0.0,0.0,1
front door,0.018481374805520718,0.008573978668258962,0.030383057795607727,4
customer service,0.024355099957817122,0.009561144977795671,0.036944427994517415,115
double check,0.0,0.013674186316948842,0.060681038846429704,6
payment method,0.0,0.016586727075179733,0.048544831077143774,5
first place,0.004609346021357146,0.02683473023179469,0.0,4
customer service,0.024261275064661,0.009524311895297757,0.0368021043327257,115
missing item,0.020516247107202738,0.00187531589950071,0.0060366942705473246,20
delivery service,0.018738662398968254,0.026935492764248264,0.0,9
ur food,0.010454603914733268,0.008172174241073329,0.038777866377802346,31
card information,0.03720838634283461,0.0,0.0,1
last order,0.0018261300464422344,0.029900755051262738,0.0,2
same exact,0.01217420030961514,0.01026223442016103,0.0,3
go grab,0.0,0.027617469397604587,0.0,1
different driver,0.0,0.01990287564588962,0.05994926133809134,2
customer service,0.024045960550228077,0.009439785315982437,0.03647549218215275,115
customer service,0.02402425491584415,0.00943126427860057,0.03644256674772788,115
uber eats,0.01303815138870086,0.019476169197888735,0.027457550721520552,109
many review,0.0,0.04449145521476704,0.0,2
take long,0.0,0.03972451358461344,0.0,1
uber eats,0.013020902449376922,0.019450403025159067,0.02742122550851606,109
full amount,0.0,0.036258524025132834,0.0,7
uber eats,0.01298516782537566,0.019397023250486783,0.027345970572307813,109
customer service,0.02390777322221656,0.009385536756974207,0.03626587482076571,115
make sure,0.0,0.05414009767284025,0.0,7
treat customer,0.011567003865294141,0.026350780088821982,0.039685466314351645,3
phone number,0.0,0.008847189020895695,0.039612684850181996,3
customer service,0.02380450102907105,0.009344994923331615,0.036109220481013136,115
be grateful,0.0,0.09847362171559976,0.0,1
business day,0.013429273189631292,0.01869437246320506,0.05384753869935144,11
uber eats,0.012893119865754393,0.019259523571087612,0.027152123189748384,109
do anything,0.013525696201941327,0.01077236829472124,0.03946108570243432,18
date night,0.01708308958224006,0.0,0.0,1
own food,0.0,0.03664112332084173,0.0,2
ad be,0.005746168399984748,0.0,0.09446600614791896,5
multiple time,0.011584737976020784,0.003206687719634231,0.0321961113483122,11
cold food,0.061752364787279426,0.0,0.0,2
good experience,0.0,0.04962618332857665,0.0,2
delivery apps,0.006571383765947549,0.02146541004589582,0.019642255057410678,6
credit card,0.006113460787006965,0.009547555410147646,0.036769839867068915,16
food sit,0.0,0.011452706153036847,0.05883138811268754,2
parking lot,0.004771452745601347,0.00954885404208279,0.03922092540845835,3
long day,0.007154356158439376,0.0,0.0,1
extra fee,0.0,0.019033049631979028,0.039205455752006305,6
only reason,0.0,0.014888743099410308,0.033604676358862565,7
customer service,0.023584194661696,0.009258508679314839,0.035775036152461075,115
front door,0.017875272902368428,0.008292792617810725,0.029386636839521595,4
previous order,0.0004752866716876762,0.0,0.0,1
menu option,0.015446818398295748,0.010376356099840743,0.0,2
credit card,0.006085622671493739,0.009504079879734204,0.03660240556344212,16
payment method,0.0,0.016005389152198075,0.046843413362728445,5
uber eats,0.01275428971470409,0.01905214144834532,0.02685975536853693,109
be ready,0.0,0.0602436671715737,0.0,2
uber eats,0.012726965070151303,0.019011324358198328,0.026802211335538017,109
taco bell,0.011405011560720098,0.007328697418653258,0.0,3
promo code,0.0,0.02261198307117831,0.038792358690365666,3
most people,0.0,0.014166770692866067,0.058188538035548514,2
first thing,0.00327913800943304,0.02316128510743154,0.0,5
wrong address,0.04140234791751281,0.002637835972427355,0.0,10
wrong address,0.04139585739492795,0.0026374224467503285,0.0,10
follow simple,0.0,0.007878385008211836,0.0,3
grub hub,0.00834828758436088,0.00834330276777104,0.054484081199130105,17
re order,0.00677905433510073,0.005488967862749742,0.05143683257336543,9
convenience store,0.04058927224611243,0.0,0.0,1
uber eats,0.012578109492314547,0.01878896642312249,0.02648873057766188,109
grub hub,0.00832389011593606,0.008318919867232624,0.05432485409569359,17
customer service,0.023161606366654243,0.00909261209248861,0.035134008898845305,115
uber eats,0.012545647125916578,0.018740474691305437,0.026420366816163773,109
ur food,0.010018144978349108,0.00783100220755626,0.03715896752208842,31
food come,0.07006935619921757,0.0,0.0,1
gift card,0.009680970432929455,0.006462554474288524,0.05757489696871954,14
more money,0.0,0.08915921527540815,0.0,1
free delivery,0.0,0.06111283338179274,0.0,2
customer service,0.02308018820918564,0.009060649554509682,0.03501050510451665,115
be nice,0.0,0.06758612169676885,0.0,6
day go,0.0,0.0038148186614887242,0.0,1
missing item,0.019488308411453763,0.0017813557434459685,0.00573423390327465,20
couple time,0.0,0.00507134703155158,0.05728258426439576,2
grub hub,0.008260787181087722,0.008255854611555431,0.053913020484137195,17
speak english,0.0029012241971973552,0.022802001917235717,0.0,2
customer service,0.022956293700986133,0.009012011964973992,0.03482256862529786,115
delivery fee,0.002479527259704838,0.006706433864558107,0.044759367700224845,23
add menu,0.006942057617323705,0.011366811732370818,0.0,2
food delivery,0.05608282824237319,0.007100188666727998,0.0,3
full time,0.0,0.03659567077604387,0.0,2
only thing,0.0057801954624867565,0.009068169882703769,0.019005081023970558,6
support number,0.020808703664952313,0.0,0.05701524307191175,2
debit card,0.02058404843868847,0.005262551987385968,0.0,8
uber eats,0.012414296361497395,0.018544265149336436,0.02614375012650981,109
gift card,0.009557310213813779,0.00638000480554673,0.056839461980663246,14
shake shack,0.009209597071473771,0.010053095860339803,0.03785104233875253,3
escalation team,0.012267931274086128,0.012554568891064941,0.03781549685725744,3
few time,0.010728577485130933,0.012965969588610847,0.0,3
bad experience,0.03448471339432765,0.010038170017038302,0.0,3
menu item,0.0015298143025596802,0.012524464859800076,0.037724820792665724,3
door dash,0.0032758319897201443,0.025075182112623683,0.020209725424642333,28
same exact,0.011451434581705345,0.009652979508788314,0.0,3
provide proof,0.0,0.0013382996885778302,0.05643511520183576,2
customer service,0.022645952137083713,0.008890180369528034,0.03435180925329133,115
error message,0.013729031079036693,0.0,0.05642571902002969,2
countless time,0.0,0.0012482021583908678,0.07519395561475013,3
customer service,0.022617236710729835,0.008878907479868652,0.03430825061452157,115
uber eats,0.012277108824842259,0.018339336736091227,0.0258548415509173,109
credit card,0.0058565035223075105,0.009146258369366358,0.03522435232656493,16
delivery fee,0.0024403509154602167,0.006600472713817262,0.044052173056434725,23
make sure,0.0,0.05119398722177662,0.0,7
full refund,0.0039130681305020966,0.021891245586885103,0.0,7
expect customer,0.04562606768163395,0.0,0.0,1
hard earn,0.0,0.004799302940735825,0.0,1
make sure,0.0,0.05092817805914021,0.0,7
contact support,0.0036792849176621955,0.01575983303125467,0.04977199718136257,9
hour late,0.01393303897837097,0.00012393054117359553,0.041995122621774676,8
uber eats,0.012138933880231722,0.018132933349605317,0.025563853554461346,109
get home,0.0,0.07400734071376777,0.0,1
same issue,0.0,0.02886286287836942,0.0,1
customer service,0.022341342066180787,0.008770598801205872,0.033889744024638166,115
google map,0.0067701118581399,0.04434108222123062,0.0,2
follow instruction,0.03309832464731756,0.0,0.05564972899287487,2
full refund,0.003866208308395926,0.02162909327067883,0.0,7
customer service,0.02231132791723358,0.008758816068637904,0.03384421534413524,115
dollar order,0.0,0.029534949043274725,0.0,1
be happy,0.0,0.11796014167161414,0.0,1
dollar coupon,0.011186185068134208,0.07372508854475883,0.0,2
customer service,0.022252759739362575,0.008735823806619655,0.033755372849796385,115
uber eats,0.012059698689708135,0.018014573167164014,0.025396989081280352,109
re open,0.004483597107994186,0.004684342975161414,0.018427388494738517,6
contact support,0.0036236554116159127,0.015521549846744578,0.04901946192516516,9
delivery instruction,0.022363130499365745,0.003254846642065973,0.036764596443873886,3
cover cost,0.023898482249569187,0.0,0.0,1
loyal customer,0.004219047866015808,0.024693457979958786,0.0,8
customer service,0.022099402234801724,0.008675619851921093,0.033522743737434704,115
only reason,0.0,0.013943109177963346,0.03147033085555093,7
take advantage,0.005201947013935981,0.03650392728725683,0.054976565089035104,4
front door,0.016679570541047798,0.007738075955904817,0.027420923015055578,4
customer service,0.021931916576702234,0.00860986957121752,0.03326868352637052,115
gift card,0.009190119114305312,0.006134885527527247,0.054655694364751595,14
multiple occasion,0.008191492475181009,0.0005858636450066501,0.03639640740207594,3
re order,0.006393480811256806,0.005176770825155866,0.04851125035934018,9
solve problem,0.00948386997878794,0.0,0.0,1
delivery driver,0.0055322575167963866,0.025692996025237426,0.03968698848373035,11
business day,0.012356788143608726,0.017201407458438955,0.04954718087620701,11
first thing,0.0030741277844795684,0.02171325204007471,0.0,5
liquor store,0.0,0.04131511340175586,0.0,1
grubhub guarantee,0.019862928895549893,0.0,0.054423847700196,2
cart total,0.0,0.028891616938880354,0.0,1
phone number,0.0,0.008098078480600342,0.03625859354721764,3
suspicious activity,0.043109205084257314,0.0,0.0,2
gift card,0.009133928086609271,0.006097375075453482,0.05432151375211771,14
be prepared,0.04789464088721859,0.0,0.0,2
be careful,0.012940514436228255,0.0,0.0,3
uber eats,0.011795376948656422,0.017619733837727667,0.024840343633980314,109
first time,0.00039048662509665884,0.02372319441271205,0.0,16
lunch break,0.0,0.005947328369696992,0.07165556355612222,3
please fix,0.0,0.004920784811301073,0.0,1
uber cash,0.0033687242795271345,0.005456583407642313,0.0428757982299297,5
re order,0.006277543607906444,0.0050828970262703456,0.0476315638687217,9
customer service,0.021502479009633226,0.008441284147845386,0.03261726656227681,115
fast delivery,0.0,0.03083624204792886,0.0,1
last order,0.0016297468956991792,0.026685209423499667,0.0,2
other apps,0.009380010447979226,0.001185671153200975,0.0,5
multiple time,0.010513925033566051,0.002910283716392881,0.029220125805967844,11
business bureau,0.0,0.07099792664071117,0.0,1
ur food,0.009295267801625602,0.007265942230988961,0.03447769573071594,31
new driver,0.009491152303929867,0.008216899503242581,0.0,3
confirm order,0.04209384290420411,0.0,0.05323195650739573,2
wrong item,0.035617867072788065,0.0,0.0,1
bad luck,0.03453078854262867,0.0,0.0,2
uber eats,0.011592382671031739,0.01731650443201242,0.024412850080033098,109
first thing,0.0029987418236821963,0.0211807841396376,0.0,5
gift card,0.008925509090118846,0.005958244486466874,0.05308199935297836,14
uber eats,0.01155439737395137,0.017259762640103905,0.024332855363745274,109
ur food,0.009226596832185649,0.007212263379820251,0.0342229836728805,31
wrong house,0.0645190476247443,0.0,0.0,3
need help,0.0,0.03519289576720733,0.05300209233905951,2
customer service,0.021268368851253595,0.008349378913667813,0.03226214316290578,115
next day,0.006313677950536845,0.009384772204588587,0.03533472822603966,3
large amount,0.003987172359713158,0.0,0.0,1
accept cash,0.0,0.03515362778607265,0.0,1
missing item,0.017976163187789787,0.0016431360210243766,0.005289300755402604,20
customer service,0.02120915507866324,0.008326133208850346,0.03217232136124869,115
ice cream,0.0,0.0023396609591585437,0.07047270393416383,3
missing item,0.017963085549323566,0.0016419406414203235,0.005285452795062253,20
debit card,0.019061682196607276,0.004873341307249024,0.0,8
credit card,0.0054844138223134374,0.008565155921504239,0.03298639265664332,16
business day,0.011952039287495893,0.01663797221042634,0.047924253902773974,11
specific instruction,0.0066805097857299935,0.0,0.05271667929305137,2
door dash,0.0030471330640132206,0.023324583416152747,0.018798803708281058,28
ice cold,0.0640355339336165,0.0,0.0,3
grub hub,0.007582730078214772,0.007578202380970488,0.0494877634625914,17
door dash,0.0030410361693738483,0.02327791412911852,0.018761189884680934,28
horrible experience,0.1278148152551099,0.0,0.0,1
partial refund,0.017041975324743046,0.0,0.0,1
business model,0.015976592995950355,0.0,0.05253048038697417,2
uber eats,0.011439349507105057,0.01708790608975763,0.024090571580932946,109
door dash,0.003040232330907142,0.023271761067543438,0.0187562307308692,28
delivery apps,0.005856630537411336,0.01913067025917676,0.017505815348811272,6
gift card,0.00882003290293138,0.005887833610804945,0.052454708870888066,14
best app,0.0,0.06950240300984072,0.0,1
correct order,0.0,0.017347791368895346,0.05225311642980466,2
low quality,0.0,0.009241971133635549,0.0,1
customer service,0.020944743858980912,0.008222332608174608,0.0317712340619391,115
uber eats,0.011364881883841523,0.01697666761835118,0.023933747313296238,109
missing item,0.017732335306743716,0.0016208485968342338,0.0052175569142985465,20
business day,0.011829357626602687,0.01646719180922687,0.047432335584532546,11
most other,0.0,0.030420145608568618,0.0,1
re open,0.00421263806786544,0.004401252178729064,0.017313758661738614,6
customer service,0.020824024601616274,0.008174941535123251,0.03158811414377073,115
door dash,0.0030041305450918985,0.02299541635366649,0.01853350649441422,28
uber eats,0.011294684385325816,0.016871807786799777,0.02378591566764666,109
customer service,0.02080738665433961,0.00816840993285837,0.03156287592072074,115
free delivery,0.0,0.0550881692778987,0.0,2
business day,0.011728416847826753,0.01632667605021909,0.04702759197594491,11
only thing,0.005237322125580632,0.008216491479126611,0.017220132431727795,6
taco bell,0.010125088611046162,0.006506237224955897,0.0,3
follow instruction,0.030693712294327994,0.0,0.051606744122713696,2
many other,0.0,0.0347469872656557,0.0,4
business day,0.011662326370946004,0.016234674050287102,0.046762588095150964,11
tip amount,0.0,0.0682164704969807,0.0,1
own risk,0.007463810395118406,0.011368484908777024,0.0,2
ur food,0.008932151262425298,0.006982100618971618,0.03313083603602814,31
true cost,0.007616680112197742,0.024338179951309328,0.0,3
get refunded,0.0,0.011820248324152441,0.05086236700331129,2
hidden fee,0.0,0.0032071985027427832,0.0,1
grub hub,0.007313949853576261,0.007309582646745055,0.04773360209285621,17
delivery driver,0.005141558946182339,0.023878507673714456,0.03688421771149265,11
push notification,0.0,0.032552324541289056,0.0,2
person deliver,0.02054197867176435,0.0,0.0,1
customer service,0.020287360908228195,0.00796426207227192,0.030774045089979565,115
take care,0.0,0.03987216993401856,0.0,1
next order,0.006146323110573122,0.004920123526944446,0.040417791915185707,5
get rid,0.0,0.03354629683561481,0.0,1
uber eats,0.010999416968229014,0.016430742331846958,0.023164100516123495,109
uber eats,0.0109837780786582,0.016407381224104966,0.02313116596959023,109
uber eats,0.010971288801434288,0.016388724953816228,0.023104864314345726,109
support number,0.018382897317527257,0.0,0.05036860420527369,2
chicken sandwich,0.0,0.02429451232615886,0.0,1
bank account,0.0053043696126494145,0.025981631196869397,0.0,3
hour late,0.012507122989151213,0.00011124741149269296,0.0376973153086257,8
different place,0.004258518403953827,0.0,0.07539463061725143,4
be great,0.0,0.10008826861882221,0.0,3
customer service,0.02012429481594575,0.007900246792023596,0.03052668895039851,115
door dash,0.0029030567908231103,0.022221737238544103,0.017909948012837643,28
go get,0.0,0.0026854548834405285,0.066859726824908,3
driver drop,0.0,0.03329567701951258,0.05014479511868101,2
many time,0.0,0.05038196586278398,0.0,7
dash pas,0.011294224851094752,0.013410418412415567,0.01768087972249797,17
couple time,0.0,0.004428765888854719,0.05002441237747143,2
food arrive,0.026364054885786064,0.0,0.0,2
few minute,0.013689028508918939,0.0009487488670187115,0.0,4
delivery window,0.009119911461612977,0.006636797350262049,0.0,2
multiple time,0.009805515857714487,0.0027141940845529593,0.027251326791860372,11
final straw,0.04253594638920966,0.0,0.0,2
customer experience,0.028453751011057137,0.013266221661175668,0.0,3
re open,0.004038432028413472,0.004219246343351429,0.01659777944019194,6
business day,0.011289253113891494,0.015715333180162924,0.04526667120052351,11
door dash,0.0028758440574283652,0.022013434661428938,0.01774206337416045,28
customer service,0.019934407262795266,0.007825702141075948,0.030238647142047374,115
different delivery,0.010069902113579015,0.0,0.0,1
something go,0.030207056680758182,0.0016486847041929172,0.0,3
next door,0.030207056680758182,0.0,0.0,1
multiple time,0.009719115607574215,0.0026902782548059775,0.027011204651869285,11
negative review,0.0,0.06237053348113871,0.0,1
uber eats,0.010761799720909024,0.016075793721789317,0.02266369310205932,109
someone el,0.003662304870282638,0.014774559467103432,0.009862835492121703,10
customer service,0.019788503991859784,0.007768424514272355,0.030017325410805155,115
someone el,0.003659151665359526,0.014761838731037402,0.009854343697328228,10
ur food,0.008511123833511528,0.0066529911149276364,0.03156917521052334,31
uber eats,0.01065841595335046,0.015921360804939545,0.022445973200142716,109
complete opposite,0.0,0.010273151426575413,0.0,2
double check,0.0,0.010974604782600282,0.048701283111211545,6
wrong location,0.059114011817599704,0.0,0.0,1
debit card,0.0175494722583499,0.004486727204604186,0.0,8
something go,0.02955700590879983,0.0016132052870486645,0.0,3
other apps,0.00850819528245262,0.0010754701999695208,0.0,5
dash pas,0.010941533052861318,0.012991642918984568,0.017128747872292013,17
be able,0.0024568102171828496,0.034513475046625025,0.0,8
many issue,0.0,0.024666760633468402,0.0,3
door dash,0.0028027888482781496,0.021454226289489713,0.017291360858769186,28
customer satisfaction,0.0,0.00802725872099736,0.0,1
uber eats,0.010533264610122417,0.015734411853099293,0.022182412112983694,109
first time,0.0003493024858416035,0.02122113856886275,0.0,16
correct address,0.0016455041675444604,0.0017641391702574655,0.04830678835112868,4
last time,0.011347970333344125,0.0005339362424010645,0.03216528495990636,6
front door,0.014655517429980905,0.006799066364879848,0.024093415007558537,4
real human,0.0,0.019997254014352598,0.0,3
true cost,0.007159275133816531,0.02287659767261564,0.0,3
debit card,0.017374573932622372,0.004442012408368172,0.0,8
be punish,0.0,0.06371538590738299,0.0,1
uber eats,0.010447829069981944,0.015606789693662556,0.02200249008209975,109
door dash,0.002776716255292467,0.0212546510306498,0.017130510135349088,28
customer service,0.01922815665436638,0.007548447501614795,0.029167330465278373,115
big deal,0.010220753846765166,0.0,0.0319039387157718,3
second time,0.005821948401096531,0.0,0.0638078774315436,6
only reason,0.0,0.01205620847247575,0.02721149670777589,7
long time,0.011769595448753521,0.009477709825362626,0.0,3
someone el,0.003531465619894303,0.014246724577883957,0.009510476513773408,10
timely manner,0.0013729247013063118,0.022658295755837398,0.015799449914646137,6
priority delivery,0.015857280395231814,0.006294412573017499,0.023699174871969184,4
gift card,0.007969482110468534,0.0053200464382769435,0.047396293024875566,14
speak english,0.0024014103491189313,0.018873744206868326,0.0,2
be nice,0.0,0.05571249679541284,0.0,6
delivery driver,0.004802820656322376,0.022305334062662597,0.03445419659120776,11
hour wait,0.002159459554444447,0.011000465143200248,0.023667425589415515,4
uber eats,0.010310476751338952,0.015401615131881388,0.021713234485702327,109
customer service,0.01897289171926467,0.0074482374816813345,0.02878011723147012,115
escalation team,0.01022592547496621,0.010464852058761043,0.031521080777324385,3
loyal customer,0.0036177065357923324,0.02117389685122761,0.0,8
first place,0.003590973982866283,0.020905963156838136,0.0,4
estimated delivery,0.0063056738720525226,0.01960670492339617,0.018848032456349365,5
leave review,0.0,0.09997019320465032,0.0,1
payment method,0.0,0.012842556328069884,0.037586663403762564,5
business day,0.010626747971257683,0.014793085362258152,0.04261021535196457,11
dasher do,0.0,0.004149608665623687,0.04687123688716102,2
customer service,0.018808215122028023,0.0073835899613115845,0.028530318105228415,115
customer service,0.01878390156842467,0.007374045126294332,0.02849343669920074,115
save money,0.0,0.012673028506257754,0.023370800793142233,4
delivery address,0.0,0.02442896856259836,0.0,2
grub hub,0.006721772239030568,0.0067177586252886185,0.04386882708251078,17
door dash,0.002698286973835007,0.020654306287183292,0.016646653133988457,28
customer service,0.018703639826848233,0.007342536565511908,0.028371687080536848,115
other time,0.010750196318693426,0.02218005630183837,0.0,2
double check,0.0,0.010491842890018975,0.046558962356009474,6
delivery instruction,0.018843166759534107,0.00274253276190017,0.030977837456993694,3
last night,0.010552173392876354,0.000548506544152423,0.055760107422588676,5
delivery service,0.014330601830412727,0.02059921960767371,0.0,9
door dash,0.002671647084437137,0.020450388601475532,0.016482302565411434,28
inflated price,0.005457804449245171,0.0,0.0,2
resolve issue,0.0,0.011489811252643953,0.0,1
missing item,0.015620654205540012,0.0014278274695749377,0.0045962165132861325,20
first time,0.00033188374232198746,0.020162899406795512,0.0,16
customer service,0.018416856282251197,0.007229953203017487,0.02793666303909468,115
uber eats,0.009968938018416761,0.014891430370889136,0.020993974768354507,109
think uber,0.0,0.06675291435966382,0.0,1
apple pay,0.0023163655832662,0.0,0.0,1
order something,0.0,0.028316261943938256,0.0,3
uber eats,0.0099525618913805,0.01486696799033724,0.020959487644734442,109
re open,0.0036997111111059947,0.0038653597404047567,0.015205651248434874,6
delivery driver,0.004605214403539378,0.02138760804360052,0.033036620302558446,11
be fair,0.009184612012650547,0.027069720539918855,0.0,2
order detail,0.011021534393137614,0.0,0.0,1
technical issue,0.0,0.030029942656769153,0.0,1
wrong house,0.05502059779204342,0.0,0.0,3
many option,0.0,0.09384357080240358,0.0,1
be deliver,0.0020815365230164103,0.009393274283411735,0.03611922334871745,10
add menu,0.005475315534163702,0.00896519220711366,0.0,2
last night,0.010214673437491112,0.0005309631502668646,0.053976680154410435,5
customer service,0.01803425600169693,0.007079754815112668,0.027356293895050867,115
add note,0.0,0.04774622416194882,0.0,1
same price,0.003189382784699632,0.004973565016869664,0.0,3
customer service,0.01803011464066329,0.007078129030233262,0.027350011834424023,115
uber eats,0.009747440084237365,0.01456056051714601,0.020527513643527204,109
cancellation fee,0.013307785871257808,0.0,0.0,1
get food,0.016850767862410288,0.010922488196711362,0.014916659914296438,6
uber eats,0.009741094525531872,0.01455108162927921,0.02051415028435008,109
recent order,0.0,0.0256983077323813,0.0,1
uber eats,0.009725133781684542,0.01452723974108301,0.020480537932362725,109
customer service,0.017915916191831964,0.007033297847959036,0.027176783378074384,115
customer service,0.01789247710644685,0.00702409630520612,0.02714122845923738,115
missing item,0.015151774560109627,0.0013849688780678054,0.004458253509898822,20
specific instruction,0.005635073344554195,0.0,0.04446701880928772,2
chat support,0.0,0.029517393538758575,0.0,1
dash pas,0.009959683143843295,0.011825824257525267,0.015591681772070883,17
uber eats,0.009607367752710328,0.014351322846295832,0.020232529866078614,109
half hour,0.025035019520564323,0.0,0.0,1
delivery driver,0.0044700249391496655,0.020759759039704118,0.03206680595460611,11
exact same,0.0,0.006379403600384297,0.0,3
help center,0.010718073754004447,0.0,0.0,1
delivery service,0.013678625862186402,0.019662050582440044,0.0,9
ur food,0.007662066742198321,0.005989298587939402,0.028419881109800114,31
customer service,0.017664158143059442,0.006934464535518934,0.026794889765606133,115
wrong address,0.03136480416474004,0.001998321661822832,0.0,10
uber eats,0.009569871409609817,0.014295311445541525,0.020153564857017133,109
uber eats,0.009563343839130635,0.014285560671577257,0.020139818192158217,109
ridiculous amount,0.03560849105797374,0.0,0.0,1
door dash,0.002540289996488151,0.01944490269363861,0.01567191586415189,28
business day,0.009939164224683604,0.013835926588540812,0.03985320148532576,11
delivery service,0.013612704463633132,0.019567293266472875,0.0,9
few month,0.03192933646563031,0.0,0.0,2
main issue,0.0,0.019363175560648267,0.0,1
money spent,0.01591341613477943,0.0,0.0,1
business day,0.009885606992817497,0.013761371634861288,0.039638452326915256,11
door dash,0.002524134829887669,0.01932124136245963,0.015572249128430988,28
right location,0.00040257155427947595,0.0,0.0,1
ice cream,0.0,0.0019219417886067313,0.05789062475782564,3
missing item,0.014755986175868723,0.001348791294227724,0.004341796856836899,20
late night,0.015812386074125807,0.0174044669940272,0.0,2
grub hub,0.006248016896449197,0.006244286165090923,0.04077692059355872,17
whole day,0.0,0.012453241454118903,0.0,2
door dash,0.0025053283247366944,0.019177285096374574,0.015456225380421117,28
ad be,0.004211960123388421,0.0,0.06924388970428673,5
payment method,0.0,0.011827321306411677,0.034615347097259525,5
past month,0.021872128987290088,0.0,0.0,1
specialized team,0.0017524556874462726,0.0,0.05762013161490258,3
customer service,0.017341101431486504,0.006807641321459102,0.02630484269375986,115
follow simple,0.0,0.005855419273957159,0.0,3
ur food,0.007491603779225822,0.00585605078186059,0.02778760560185879,31
few year,0.0,0.028440585162342685,0.0,1
customer service,0.0171427298826613,0.006729766086248703,0.02600393145075829,115
grub hub,0.006160807569715118,0.006157128911610702,0.04020775955411364,17
same exact,0.008648476994271103,0.00729022819038744,0.0,3
credit card,0.004432344457401807,0.006922111023242924,0.026658647468669708,16
inedible food,0.01034706823217345,0.0,0.0,1
customer service,0.017064412666317037,0.006699020892797556,0.025885131496540363,115
customer service,0.017034859759337526,0.0066874192311892795,0.025840302477327808,115
uber eats,0.00918315245249041,0.013717637232660717,0.01933915834619214,109
second time,0.005122643322596345,0.0,0.05614357509458178,6
be true,0.0,0.030725981619546705,0.0,1
uber eats,0.00913056427352134,0.013639081903697585,0.01922841085229155,109
gift card,0.0070483199637329545,0.004705122490912934,0.04191793565799557,14
many time,0.0,0.04214198033176622,0.0,7
multiple time,0.00822595796359609,0.002276968062522495,0.022861445730639363,11
timely manner,0.0012128542768783885,0.02001654634671137,0.013957379004887617,6
multiple time,0.008216314674840611,0.0022742987733514472,0.022834645262715215,11
phone number,0.0,0.006229210744113168,0.027890865843277924,3
be hard,0.0,0.005247127950120579,0.0,1
only reason,0.0,0.010567891564636547,0.023852287157754126,7
credit card,0.004328286560977295,0.006759601020056581,0.026032783932166015,16
get refunded,0.0,0.00967069332043391,0.04161286119812956,2
credit card,0.004321388460168853,0.0067488280713146965,0.025991294819705593,16
lunch break,0.0,0.004572741549535707,0.05509404431038217,3
uber eats,0.008987171758973362,0.01342488459981697,0.01892643497212957,109
timely manner,0.001195112553124618,0.01972374279845499,0.013753209413080806,6
door dash,0.0023885178198354414,0.018283147456758665,0.014735581514015142,28
uber eats,0.008985892073713867,0.01342297302770133,0.01892374003311004,109
customer service,0.016511459985755015,0.006481946819857135,0.025046353559813293,115
delivery fee,0.0017839140286254784,0.00482499291193855,0.032202454576902816,23
support system,0.050058415391434484,0.0,0.0,1
double check,0.0,0.009257361687949214,0.04108078617486923,6
least get,0.02987738930684073,0.0,0.0,1
delivery fee,0.0017745499102200888,0.004799665567566783,0.03203341750854446,23
customer service,0.016424788058817183,0.0064479217959240425,0.024914880284423468,115
most part,0.0,0.04322960977433812,0.0,2
missing item,0.013901083707089205,0.001270647753459853,0.00409025061603604,20
customer service,0.016391624770729685,0.006434902797607722,0.024864574651889328,115
door dash,0.0023625627859379054,0.01808447206566335,0.014575456052726928,28
door dash,0.0023587927448863095,0.018055613911082357,0.01455219738295041,28
be great,0.0,0.08065066714564155,0.0,3
make thing,0.0,0.05376711143042771,0.0,1
uber eats,0.008806829607997531,0.013155492556328323,0.018546645413777162,109
fix issue,0.023004550184081613,0.0017857078175556305,0.0,2
full refund,0.0028037380231773035,0.0156852156874627,0.0,7
re open,0.003255704389585653,0.003401473330278862,0.013380802994977377,6
customer service,0.01610008891209277,0.006320453806822181,0.024422341790768454,115
gift card,0.006728771122971692,0.004491806914243988,0.040017507213268216,14
estimated delivery,0.005355197689600208,0.016651318009294175,0.01600700288530727,5
have problem,0.0012170903840000495,0.0,0.0,1
uber eats,0.008716612971067314,0.01302072847567501,0.018356654684985412,109
google map,0.00486799455324263,0.031883099018269544,0.0,2
one accept,0.002427939939398282,0.005300625589695333,0.0,2
mark deliver,0.0,0.014456251569710072,0.0,1
customer service,0.016012898304705137,0.006286225163154952,0.02429008172523764,115
dinner time,0.0,0.10576308660174552,0.0,1
other fee,0.013396210416347663,0.0,0.0,1
delivery driver,0.0040350031442424284,0.018739424083583835,0.028946071803631124,11
customer service,0.015926021752020555,0.00625211980875992,0.024158298051566572,115
next order,0.004828352023888032,0.0038650894139026586,0.031750906010630346,5
company do,0.009644209646311195,0.007770308095007703,0.026424854045427073,3
real person,0.0,0.013120424319905512,0.0,4
whole meal,0.0200353350570146,0.0,0.0,1
delivery service,0.012268739134595957,0.01763543881363453,0.0,9
elderly mother,0.012016672237226972,0.0,0.0,1
payment method,0.0,0.010747776269002404,0.03145581289598703,5
dash pas,0.008864736170068943,0.010525717587849837,0.013877564512935429,17
uber eats,0.008548192703161806,0.012769145138720921,0.01800197188443472,109
bad luck,0.025452123586376017,0.0,0.0,2
first order,0.006681182445599417,0.01891494325664828,0.0,5
incomplete order,0.012702567975626704,0.0,0.0,1
only solution,0.009526926005537366,0.0,0.0,1
time pass,0.0,0.01624920104483474,0.0,1
customer service,0.01571198931264966,0.006168096536988471,0.023833630689965687,115
someone elses,0.0,0.0284906363035748,0.0,1
uber eats,0.008490486795664288,0.012682945033764811,0.017880446766739153,109
uber eats,0.0084562061723526,0.012631737220638333,0.017808253867202715,109
first order,0.006581066296572383,0.01863150671029748,0.0,5
uber eats,0.008416531842527879,0.012572472380290767,0.017724702151086787,109
arrival time,0.0007823124496767491,0.010247564997645665,0.025722160415958626,3
extra fee,0.0,0.012487322145556598,0.025722160415958626,6
order arrives,0.0,0.05294575252199461,0.0,1
customer service,0.015419415995996132,0.006053240268609212,0.02338982410124531,115
re order,0.0045016231049429655,0.0036449426913874317,0.034156568528802694,9
delivery fee,0.0016659285449136926,0.004505874886357672,0.030072630987315406,23
uber eats,0.008362921732413238,0.012492390507931536,0.017611802532592247,109
missing item,0.012971408875620975,0.001185669541620806,0.003816703378119136,20
star review,0.0,0.001900691626962993,0.03816703378119159,2
different place,0.0032336854982417296,0.0,0.05725055067178738,4
next order,0.004616968450724153,0.003695877142952567,0.030360862382801952,5
other person,0.004039847394383605,0.0,0.03795107797850248,2
luck next,0.0,0.02515787451393398,0.0,1
be able,0.001920584888560426,0.026980536861436484,0.0,8
debit card,0.013652249469101449,0.0034903567580453145,0.0,8
get food,0.014233924265081304,0.009226278057336907,0.012600174024218001,6
full refund,0.0026278014015714097,0.014700956874977491,0.0,7
menu option,0.009945910273537263,0.006681136792976962,0.0,2
multiple time,0.0073955403851520135,0.0020471061652161454,0.0205535629907342,11
customer service,0.015057853203753349,0.005911300622243643,0.022841366875996968,115
ur food,0.006481007898596317,0.005066086313462479,0.02403913723896078,31
order direct,0.0,0.01153108825885525,0.0,1
full refund,0.002574773537904369,0.014404298102942869,0.0,7
last night,0.008410926896495469,0.0004372036236847198,0.04444526921712078,5
customer service,0.01483363736770378,0.00582327962793445,0.022501252246021692,115
only way,0.003935023517236855,0.0,0.0,1
delivery driver,0.0037443776003224503,0.01738969643224105,0.02686119911294155,11
customer service,0.014764801416458253,0.005796256519399319,0.022396834491685644,115
contact support,0.0024177548929165443,0.0103562008041156,0.03270648846404889,9
missing item,0.012402308277994031,0.0011336501155743272,0.003649251392426613,20
own food,0.0,0.02261531015455593,0.0,2
exact same,0.0,0.005279897112186052,0.0,3
dash pas,0.008227325338966718,0.009768875391206468,0.012879710796799816,17
gift card,0.00612293885897834,0.0040873821682473185,0.036414487203920945,14
dash pas,0.00810583259619953,0.009624618610766874,0.01268951637439872,17
delivery apps,0.004007491991935863,0.013090463428465395,0.011978630780024929,6
be hot,0.0,0.023861097885259017,0.0,1
missing item,0.012213135438445238,0.0011163585109301383,0.0035935892340074565,20
gift card,0.0059745549148261055,0.003988328118982613,0.03553201469193846,14
uber eats,0.007722024860138648,0.011535029640528585,0.016262112852428366,109
many time,0.0,0.035258227373135595,0.0,7
support person,0.005688034031666414,0.0116418675288655,0.0,2
free trial,0.007568451500109012,0.018625065298360496,0.0,2
uber eats,0.007637365225911157,0.01140856651617227,0.0160838248320208,109
customer service,0.014069769978026486,0.00552340621870334,0.021342536255359743,115
only reason,0.0,0.00878202039925273,0.019821481996388637,7
timely manner,0.0010047491989409341,0.016582048883222542,0.01156253116456005,6
dash pas,0.007794977239855282,0.009255518433527815,0.012202878624656684,17
re order,0.004050441253556396,0.003279622904865899,0.030733175795431632,9
multiple item,0.0,0.0228578430652497,0.0,1
ur food,0.005987771702688429,0.004680532526074775,0.022209642075527763,31
customer service,0.013809506541454537,0.005421233924038398,0.0209477407583718,115
delivery fee,0.0014919923779574487,0.004035425773212736,0.026932809546478052,23
right address,0.0,0.011457979917785324,0.0,2
delivery driver,0.0034889001078468014,0.016203203905675704,0.025028469477535124,11
customer service,0.013679454091330607,0.005370178895214636,0.02075046325232849,115
uber eats,0.007420392276041254,0.011084456007170668,0.01562689304785587,109
countless time,0.0,0.0007539974334114603,0.04542216912576775,3
other apps,0.005964979278306272,0.0007539974394434314,0.0,5
be able,0.00172683436649793,0.024258713351543393,0.0,8
negative rating,0.008288804942612641,0.0,0.0,1
full amount,0.0,0.0204175237882377,0.0,7
delivery guy,0.012285429617710324,0.0,0.033661719979048085,2
owe money,0.0,0.01788085489137624,0.0,1
promo code,0.0,0.013080896479096485,0.022441146652698737,3
calculate tip,0.0,0.039912622487077304,0.0,1
dash pas,0.00758865314836442,0.00901053549473093,0.011879882447973535,17
next thing,0.0008460875340813327,0.0,0.0,1
customer service,0.013395684133087303,0.0052587785841583376,0.02032001054191117,115
use grubhub,0.026238030952460162,0.0,0.0,2
order arrive,0.0,0.0008716871383723003,0.0,1
customer service,0.013169819630949214,0.00517011036871191,0.0199773950383735,115
service fee,0.002809655155303379,0.013946728718535665,0.0,3
pick ups,0.0,0.017433410898169594,0.0,1
credit towards,0.00418838685561593,0.005811136951528664,0.0,2
take responsibility,0.01191636830067893,0.0,0.0,1
regular basis,0.0,0.01075239373938438,0.0,1
only reason,0.0,0.00819275709439406,0.018491483720663494,7
door dash,0.001873324372200432,0.014339547918315506,0.011557177325414692,28
ur food,0.005575179738375435,0.004358016871695888,0.020679269792543746,31
app crash,0.009399395159903515,0.0,0.03199683897595745,4
uber eats,0.006961048065487386,0.010398295423656456,0.014659542187760038,109
few month,0.023323188492832422,0.0,0.0,2
second time,0.0038871980821387373,0.0,0.04260323893123537,6
uber eats,0.0069598777685924915,0.010396547254022774,0.014657077613957124,109
be nice,0.0,0.037576097817245024,0.0,6
app crash,0.009386349338461879,0.0,0.03195242919842653,4
final straw,0.02668632402704679,0.0,0.0,2
food arrive,0.016520105337368807,0.0,0.0,2
uber eats,0.00682583295204418,0.010196313382719722,0.014374787415016644,109
loyal customer,0.002399554921883034,0.014044237116010003,0.0,8
eat dinner,0.022780649641798757,0.0,0.0,1
uber eats,0.00677492109134277,0.010120262109526264,0.014267570145032564,109
star rating,0.0,0.02065230350798835,0.0,1
uber eats,0.006750115347351995,0.010083207710275944,0.014215330762814511,109
small percentage,0.0056550638469937435,0.0048698159138488555,0.0,2
quality control,0.0056550638469937435,0.0,0.030989421062935653,2
dash pas,0.006986639771656259,0.008295723156747004,0.010937442728094928,17
only thing,0.0031417021372187365,0.0049288106061549306,0.010329807020978538,6
app crash,0.009103455955947401,0.0,0.030989421062935653,4
customer service,0.012396880844826687,0.004866675777768784,0.018804918580566574,115
client do,0.05237143371813233,0.0,0.0,1
customer service,0.012338853452822044,0.0048438958134656,0.01871689640823563,115
uber eats,0.006697787556965836,0.010005041345357313,0.014105131631370218,109
someone el,0.002278710648165326,0.00919282997241084,0.006136722379222938,10
credit card,0.003188466736746588,0.004979513879797777,0.019177257435071683,16
specialized team,0.001244279702751982,0.0,0.04091148252815296,3
complete opposite,0.0,0.006426473321841551,0.0,2
uber eats,0.006638538481949837,0.00991653608296023,0.013980356697105826,109
be nice,0.0,0.03507349321382059,0.0,6
first time,0.00021161228820189789,0.01285605992750639,0.0,16
customer service,0.01175562271210978,0.004614935403649335,0.017832189462185195,115
real person,0.0,0.00957374637946615,0.0,4
app crash,0.008486311663952958,0.0,0.028888576678808262,4
poor service,0.009631047718842458,0.0,0.0,3
uber eats,0.006256844050930056,0.009346367421866527,0.013176531531451577,109
delivery fee,0.0012453379211937524,0.0033682938450559216,0.02248030857800696,23
company do,0.0069890860166456755,0.005631083690991623,0.019149892492376325,3
customer service,0.011440220658395032,0.0044911171985471485,0.0173537537964327,115
dash pas,0.0064275893260373265,0.007631923693902863,0.010062260604654257,17
door dash,0.0016470217985860912,0.01260729233752193,0.010161039522869347,28
uber eats,0.006197177040817091,0.009257237855116781,0.013050876451391824,109
uber eats,0.006151347905732964,0.00918877907116179,0.012954363091208997,109
make sure,0.0,0.02568436584034144,0.0,7
someone el,0.002097274420334075,0.008460875524999582,0.005648102307767108,10
dash pas,0.006366891484950395,0.007559852927078388,0.00996723936664784,17
fix issue,0.016104477183877638,0.001250095766914687,0.0,2
re open,0.0022904145442702267,0.0023929641808202906,0.009413503846278539,6
do anything,0.006453152058749127,0.005139530682990392,0.018827007692557077,18
be miss,0.01366253223110419,0.0,0.0,1
wrong order,0.02005595560463676,0.0,0.0,2
whole hour,0.0,0.010462854086450897,0.0,1
someone el,0.0019770827969307686,0.007975995551781268,0.0053244181112992225,10
be deliver,0.0012273764200827373,0.005538737002856931,0.021297672445197,10
different location,0.0013494714744399863,0.0,0.02662209055649626,2
door dash,0.0015411514938223731,0.011796897549083203,0.009507889484462947,28
dollar coupon,0.005364149067985892,0.03535364045881183,0.0,2
extra fee,0.0,0.008521104856147916,0.017552300122971834,6
right address,0.0,0.008765896953705566,0.0,2
menu price,0.0,0.0026222768635047445,0.026328450184457754,2
ur food,0.004537736165048698,0.0035470660489143827,0.016831218867890445,31
uber eats,0.005663416524179253,0.008459915456927732,0.011926809394506042,109
real person,0.0,0.008616612163787715,0.0,4
customer service,0.01033482772078244,0.004057170216097886,0.015676975221924364,115
grub hub,0.003714162521938649,0.003711944771439538,0.024240028914572123,17
delivery fee,0.0011165847339021893,0.0030200521663075975,0.020156110999617026,23
most part,0.0,0.027219251734002005,0.0,2
uber eats,0.005571421800782941,0.00832249530089757,0.011733074124185762,109
push notification,0.0,0.016417500556996013,0.0,2
ur food,0.004448978261191152,0.003477685605474156,0.016502001026274166,31
make sure,0.0,0.023262939761348484,0.0,7
missing item,0.008538246272372431,0.0007804501917317524,0.002512290970352832,20
customer service,0.010081173904857575,0.0039575926774128,0.015292205906495515,115
error message,0.0059164164340456725,0.0,0.024316213532555583,2
debit card,0.008782180644286562,0.002245266879391277,0.0,8
single thing,0.005282514656351027,0.0,0.0,1
other delivery,0.0069517893100036745,0.0060546522590326605,0.0,2
get food,0.008988559710727373,0.00582628863844618,0.007956865195642707,6
delivery service,0.007412279223503527,0.010654623533975418,0.0,9
second time,0.0029039962128946627,0.0,0.031827460782570906,6
different place,0.0020224259298316388,0.0,0.03580589338039228,4
food bag,0.0,0.01094277286646564,0.0,1
main reason,0.0,0.005260471302015945,0.0,1
re order,0.0027580982396788124,0.0022332189493622723,0.0209273787113177,9
other time,0.005410122324001393,0.011162290826030954,0.0,2
love uber,0.0,0.00023074504866967368,0.0,1
extra fee,0.0,0.007591799926354358,0.015638060208211808,6
customer service,0.009412723666606705,0.0036951774276528593,0.0142782288857586,115
uber eats,0.005109423147977932,0.007632369556612634,0.010760133170787915,109
message say,0.0,0.02816947414413678,0.0,1
dash pas,0.005217112542968002,0.006194640449280686,0.008167283774416084,17
contact support,0.0015118989703784631,0.006476061481107035,0.02045240664318958,9
credit card,0.002390960223331536,0.00373402660310397,0.014380598420992666,16
full time,0.0,0.014768475713440395,0.0,2
only thing,0.002142303438784774,0.0033609194791560195,0.0070438189670699765,6
extra fee,0.0,0.006839117333411313,0.014087637934139991,6
go get,0.0,0.001131674264402863,0.02817527586828002,3
be complete,0.0,0.03367461746420771,0.0,1
credit card,0.00215618554125266,0.0033673726955804266,0.012968529583775344,16
first time,0.00014988119013575478,0.009105716774600902,0.0,16
grub hub,0.002962153647398349,0.0029603849262691104,0.019332134670526694,17
live activity,0.0,0.011267367984683625,0.0,1
ur food,0.0035727343563079364,0.0027927416394676764,0.01325186650802231,31
customer service,0.008242328505423134,0.003235712353119459,0.012502847966264519,115
delivery driver,0.0020812589702854578,0.009665815137614827,0.014930415031224177,11
menu price,0.0,0.002044691663726175,0.020529320667933233,2
door dash,0.0011884413490143159,0.009097042629238153,0.0073319002385475755,28
customer service,0.008237885429845587,0.003233968123376291,0.012496108232655005,115
only thing,0.0020812589717990842,0.0032651508151691514,0.006843106889311066,6
inflated price,0.0024243746736692536,0.0,0.0,2
only problem,0.0,0.005580167699413015,0.02049752408097643,2
free trial,0.004424483800642344,0.010888132096415641,0.0,2
uber eats,0.004464770464757069,0.006669398322579982,0.009402533982099285,109
grub hub,0.0029559714588053565,0.002954206429101002,0.01929178737033075,17
many time,0.0,0.02060967861107251,0.0,7
ice cream,0.0,0.0008408508440612063,0.02532718783649293,3
be deliver,0.0008757574768089933,0.003951998965406026,0.015196312701895759,10
delivery time,0.0056488650080731085,0.001504379404425601,0.012663593918246466,6
delivery option,0.005282055581160244,0.0,0.0,1
delivery fee,0.0008235270109881232,0.002227412267097463,0.014865958077941511,23
full refund,0.001320513898591354,0.007387475272823559,0.0,7
arrival time,0.0003851498870891163,0.005045105064367289,0.012663593918246466,3
past couple,0.015020845596476633,0.0,0.0,1
priority delivery,0.006354973136970854,0.002522552532183619,0.00949769543868486,4
