feature,cluster,feature_dissatisfaction,feature_satisfaction,feature_neutral,feature_frequency
delivery service,1,0.3967000839496163,0.5702281205188852,0.0,9
whole day,5,0.0,0.367137327685837,0.0,2
poor service,4,0.4178570121240653,0.0,0.0,3
be prepared,3,1.0,0.0,0.0,2
low pay,0,0.042805312904701,0.0,0.0,1
first time,5,0.0076581486985611,0.4652547327899864,0.0,16
last time,4,0.2489496392392155,0.0117133928815374,0.705635972916358,6
first order,5,0.1723661464587597,0.4879818664107825,0.0,5
store close,0,0.0912418440394391,0.0,1.0,2
same price,2,0.0698989840793908,0.109001385346327,0.0,3
poor service,4,0.2755854070459114,0.0,0.0,3
be nice,1,0.0,0.9433446552228104,0.0,6
star review,0,0.0,0.0387728083077424,0.7785813666353667,2
re order,2,0.0910917617670932,0.0737565637012114,0.6911689252240286,9
have drive,5,0.0,0.4872753305604977,0.0,2
uber eats,2,0.1598707661854705,0.2388122364281413,0.3366780719565866,109
extra money,5,0.1623328568589249,0.2911680835956732,0.0,2
say sorry,4,0.2071217861942511,0.1017413487090897,0.0,2
grub hub,2,0.0923646497237828,0.092309498193172,0.6028066264639881,17
ur food,2,0.1103698309018293,0.0862740947857861,0.4093800769267076,31
delivery fee,2,0.024983771778797,0.0675741766765895,0.4509963837698576,23
few time,2,0.1064091609846545,0.1286002685061271,0.0,3
pizza place,1,0.0,0.6914341290607064,0.0,2
be careful,4,0.1293603789732532,0.0,0.0,3
pizza place,1,0.0,0.6338208154184445,0.0,2
uber eats,2,0.108378938169287,0.1618946179058653,0.2282394262200882,109
have multiple,0,0.0865413494936558,0.0,0.4742415632034379,2
second time,0,0.0572760868675332,0.0,0.6277392513327075,6
be good,1,0.0,0.689529942422652,0.0,4
re order,0,0.0544620346498761,0.0440976488985009,0.4132367760183877,9
confirm order,4,0.3647771538191556,0.0,0.461297905995025,2
delivery fee,0,0.0193480501849958,0.052331112096453,0.3492627431794041,23
hour late,4,0.1103923014767521,0.0009819090928155,0.3327298692132234,8
ur food,0,0.074707400899852,0.0583974201443369,0.2771021870512705,31
delivery driver,2,0.0424975984130802,0.197368004615536,0.3048668095592888,11
lose customer,4,0.4013728840079085,0.0,0.0,1
have drive,2,0.0,0.2572755299545954,0.0,2
be honest,5,0.0,0.4139817809336653,0.0,1
be deliver,2,0.0179502346139774,0.081003371940042,0.3114759342510051,10
need help,2,0.0,0.2577764822239255,0.3882230380826264,2
arrival time,2,0.0078396022597376,0.102691493335615,0.2577633872573526,3
be good,5,0.0,0.5612396563201721,0.0,4
quality food,1,0.0,1.0,0.0,1
be good,5,0.0,0.5499492097480829,0.0,4
say help,2,0.0,0.2458485827718441,0.3702590821651563,2
first time,2,0.0026469284742221,0.1608085776944767,0.0,16
contact uber,2,0.0,0.0955355957988828,0.0,1
bottom line,4,0.3211274148597265,0.1012668768687539,0.0,2
uber eats,2,0.0756611543564023,0.1130213478906152,0.1593377712418716,109
original order,2,0.0,0.1719890305747779,0.0,2
delivery fee,0,0.0145962091432011,0.0394786993806993,0.2634845370273082,23
grub hub,0,0.0484145647227104,0.0483856560725255,0.3159717545564922,17
do anything,0,0.0745356900999699,0.0593630000903642,0.2174571431304837,18
next time,2,0.0,0.0833850200254731,0.0,1
first place,2,0.0239058757578744,0.1391754326850211,0.0,4
do anything,0,0.0717709344483156,0.0571610457007441,0.2093909956961977,18
food quality,5,0.0,0.4576667118128159,0.0,1
many time,5,0.0,0.3132566849678554,0.0,7
hour wait,2,0.0139983486630753,0.0713087430665665,0.1534202734550669,4
group order,2,0.0,0.1626752371348546,0.0,1
missing item,4,0.1040611237107369,0.0095118507198203,0.0306189131963994,20
get money,4,0.2259225791136978,0.0,0.0,1
deliver food,2,0.0,0.0866175181249162,0.2019869406055539,3
someone cancel,4,0.2852199374943089,0.0,0.0,1
delivery person,4,0.1437200003562825,0.0413997299770475,0.0984471556535505,6
new place,2,0.0,0.1067875139088609,0.0,1
delivery apps,2,0.0324669992288408,0.1060533787447066,0.0970457825193978,6
year old,4,0.2131969864243396,0.0,0.0,1
delivery fee,0,0.0123543296024062,0.0334150367152455,0.2230150845083643,23
reach customer,4,0.2297138024471494,0.0,0.0,1
something wrong,0,0.0491335510893225,0.0,0.0,1
good company,0,0.0,0.0560656459272082,0.0,1
order something,2,0.0,0.1741593950762681,0.0,3
uber eats,2,0.0611719201916517,0.0913775758766571,0.1288243287963879,109
food sit,0,0.0,0.0540370334099581,0.2775827514055728,2
late night,2,0.1005942472702041,0.110722647941675,0.0,2
first time,2,0.0019796187424965,0.1202675771024554,0.0,16
use app,4,0.125810050853016,0.0,0.0,1
last time,0,0.0626319921249512,0.0029469138133916,0.1775274181309912,6
new customer,0,0.0,0.0433868511901295,0.0,1
first time,2,0.0018867100389386,0.1146231040386489,0.0,16
thing happen,2,0.0,0.0945952534859928,0.0,1
credit card,0,0.0267289777763425,0.0417433603105146,0.1607633167019505,16
many other,2,0.0,0.1714636284391007,0.0,4
hour late,0,0.0625305209862882,0.0005561917480981,0.1884712230044771,8
be great,5,0.0,0.4950839204862097,0.0,3
full refund,2,0.0172213977895211,0.0963432876164797,0.0,7
home page,4,0.1062678896048036,0.0,0.0,2
uber eats,2,0.0526603016231505,0.078663064559379,0.1108993798063497,109
be closed,0,0.0440073748325267,0.0096075942154654,0.0,4
delivery fee,0,0.0102956049392552,0.0278467572197419,0.1858518656605647,23
be separate,4,0.2855281294633118,0.0,0.0,1
be aware,2,0.0,0.1158750777249923,0.0,2
correct address,0,0.0078968310874769,0.0084661645452493,0.2318259385247354,4
original order,2,0.0,0.1142173796037372,0.0,2
wrong address,4,0.1610453021012341,0.0102605555588159,0.0,10
rate driver,5,0.0,0.2994442762342802,0.0,1
last few,4,0.1302649708228009,0.0,0.0,1
many people,2,0.0,0.1832385928175088,0.0,2
same thing,0,0.0084024989219268,0.0587012883872122,0.2210169865035577,4
many issue,2,0.0,0.1098277079980097,0.0,3
different driver,2,0.0,0.0715572395459103,0.2155368767053579,2
delivery person,4,0.1044640190294147,0.0300917211899093,0.0715570937662797,6
tip more,2,0.0,0.1625900508584939,0.0,1
last time,0,0.0495140814225417,0.0023296996558945,0.1403453209429328,6
order status,0,0.0224005085521475,0.0,0.2104345446321912,2
get food,0,0.0789059663617116,0.0511460067145344,0.0698492481195577,6
find option,2,0.0,0.1103170680358322,0.0,1
uber eats,2,0.0451845091547949,0.0674958526854491,0.0951558173361882,109
uber cash,0,0.0129374444173617,0.0209557798998555,0.1646627062418978,5
do anything,0,0.0467454882746816,0.037229848156664,0.1363795025016599,18
whole point,2,0.0,0.0906539585736609,0.0,2
ur food,0,0.0348686248582312,0.0272561715596431,0.1293335344464555,31
customer experience,4,0.1141514722427488,0.0532217609247149,0.0,3
something go,4,0.1216376118589723,0.0066389146167355,0.0,3
delivery fee,0,0.0085531298356786,0.0231338451123886,0.1543974488703435,23
ur food,0,0.0341162905716279,0.0266680854946137,0.126543001330588,31
great service,2,0.0,0.1917418741060229,0.0,1
live person,0,0.0496261745571447,0.0,0.0,2
be good,5,0.0,0.2853187649520827,0.0,4
uber eats,2,0.0420629696521036,0.0628329499701918,0.0885820457431805,109
ad be,0,0.0187360772131049,0.0,0.3080178411070865,5
last time,0,0.0451968752049077,0.002126569686587,0.1281084041955521,6
say sorry,0,0.0571944972415097,0.0280948006243634,0.0,2
be closed,0,0.034213626499716,0.0074694444124354,0.0,4
uber cash,0,0.0117091610002353,0.0189662341971972,0.1490295978032128,5
look good,2,0.0,0.1976148527055313,0.0,1
ur food,0,0.0322462648735988,0.0252063203273995,0.1196067646990849,31
subscription service,2,0.0,0.2020944751805473,0.0,1
hour late,0,0.0448538962953392,0.0003989630439027,0.1351926796380329,8
delivery time,0,0.0534826198705717,0.0142432420872203,0.1198970375034483,6
credit card,0,0.0185941441716938,0.0290389728451066,0.1118357878587294,16
ur food,0,0.0311210957231673,0.0243267960122747,0.1154333250046007,31
take money,0,0.0,0.0236583846653607,0.0,1
uber eats,0,0.0386880367782226,0.057791532538869,0.0814746431825214,109
be able,2,0.0089664916200246,0.1259620228779187,0.0,8
full amount,2,0.0,0.1068907960760965,0.0,7
wrong address,4,0.1256345820918355,0.0080044595703361,0.0,10
provide refund,0,0.0507820654839138,0.0,0.0,1
delivery time,0,0.0512947606743023,0.0136605816218087,0.1149923070182516,6
delivery time,0,0.0511811884570661,0.0136303355981773,0.1147377014581225,6
available item,2,0.0,0.0654307097494707,0.0,1
want full,2,0.0,0.0781093056885347,0.0,1
much money,2,0.0,0.182853483006267,0.0,1
first thing,2,0.0093507147313384,0.0660461893423737,0.0,5
lunch hour,0,0.0924116347349879,0.0,0.1627747664886614,2
re order,0,0.0189148915646314,0.0153152972071753,0.143518854173464,9
phone call,4,0.1097183396706346,0.0,0.0,2
anyone use,4,0.2329118720503499,0.0,0.0,1
customer service,0,0.0639288078920341,0.0250966984973183,0.0969740729470721,115
local restaurant,2,0.0,0.0789320038386283,0.0,2
same price,0,0.0112264708220256,0.0175067046863091,0.0,3
phone call,4,0.1074116861164059,0.0,0.0,2
credit card,0,0.0162838754550768,0.0254309643287013,0.0979405141799571,16
customer service,0,0.0627662199289219,0.0246402983148511,0.0952105348230291,115
timely manner,2,0.0044936950335253,0.0741624584431139,0.0517128940475205,6
be ready,2,0.0,0.1583620347885749,0.0,2
ur food,0,0.0267214910226588,0.020887704823585,0.0991144587344938,31
ur food,0,0.0265711661356564,0.0207701985862016,0.0985568787028652,31
exact same,0,0.0,0.0220924546803806,0.0,3
uber eats,0,0.032929051996983,0.049188858841991,0.0693465728739967,109
other apps,0,0.0263823480186796,0.0033348351979923,0.0,5
many time,2,0.0,0.1514467468870599,0.0,7
suspicious activity,4,0.119441806760692,0.0,0.0,2
missing item,0,0.0509210143131472,0.0046545056345428,0.0149829836689145,20
delivery person,0,0.0722919609330064,0.020824294842182,0.0495194678042663,6
do anything,0,0.0337974058627435,0.0269175130007273,0.0986035993532263,18
be convenient,0,0.03575425863094,0.0,0.1469484437513886,2
free grubhub,2,0.0266203632865967,0.0774893297011241,0.0,2
first time,2,0.0010516051225042,0.0638880595728329,0.0,16
be convenient,0,0.0353560833087074,0.0,0.1453119605412,2
delivery person,0,0.0703736640953505,0.0202717136363797,0.0482054484131011,6
wrong address,4,0.1029324585809331,0.0065580566231686,0.0,10
go get,0,0.0,0.007647373643839,0.1903965379973234,3
full amount,2,0.0,0.0865973894953147,0.0,7
different place,0,0.0120395249450565,0.0,0.2131528973074181,4
dash pas,0,0.0318991672434164,0.0378760991021327,0.049937498740697,17
pick food,4,0.1030590665430042,0.0,0.0,1
delivery fee,0,0.0061034997516276,0.0165082748198984,0.1101777722233431,23
uber eats,0,0.0305298903777375,0.0456050319453346,0.0642940849954892,109
contact support,0,0.0091559949043695,0.0392187487941456,0.1238588918148824,9
extra money,0,0.0309129921164207,0.0554470416335282,0.0,2
delivery service,2,0.0431165854925779,0.0619770211890028,0.0,9
whole thing,2,0.0,0.0674840365454794,0.0,1
customer service,0,0.0552774056763593,0.0217003950130972,0.0838506980990039,115
same message,0,0.0335161664393226,0.0,0.0,1
be nice,2,0.0,0.1607744594179627,0.0,6
be able,2,0.0068684740601145,0.0964888970357574,0.0,8
same thing,0,0.0051351025527959,0.0358747009253363,0.1350723043407936,4
contact support,0,0.0088609467961317,0.0379549410091889,0.1198675908038942,9
big deal,0,0.0286950421087993,0.0,0.089571168488259,3
multiple time,0,0.0263471977953038,0.0072929776911532,0.0732236944581272,11
ad be,0,0.0130223868318675,0.0,0.2140857679219849,5
great app,0,0.0216894136073447,0.0,0.0,1
be deliver,0,0.0061333804183935,0.0276778831009841,0.1064276003639742,10
dash pas,0,0.0298229986802833,0.0354109198186142,0.0466872990030116,17
most restaurant,2,0.0,0.1253190652644245,0.0,1
get further,0,0.0361088599141007,0.0,0.0,1
more dollar,2,0.0,0.0677212290455986,0.0,1
be super,2,0.0,0.0855781089781958,0.0,1
full amount,2,0.0,0.0780686795773995,0.0,7
wrong order,0,0.092333286336957,0.0,0.0,2
say help,2,0.0,0.0841944294757045,0.1268006178015012,2
customer service,0,0.0507518710506296,0.0199237941067745,0.0769858817604735,115
hour wait,0,0.005763977270969,0.02936217579301,0.0631725205869099,4
order something,2,0.0,0.0782432876356987,0.0,3
customer service,0,0.0504171019038637,0.0197923729115478,0.0764780680106263,115
delivery guy,0,0.0458078338023507,0.0,0.1255121328503357,2
long time,0,0.0309821609420337,0.0249490250068347,0.0,3
same thing,0,0.0047326170150349,0.0330628684165408,0.1244854370893056,4
be available,0,0.0,0.0494172335630013,0.0,1
credit towards,0,0.0156480668091815,0.0217107593900735,0.0,2
pay more,0,0.0,0.0321460170648352,0.0,1
missing item,0,0.0410052832523799,0.0037481445434395,0.0120653819959552,20
only thing,0,0.0122144820403728,0.0191625004535198,0.0401607908157572,6
store close,0,0.0109779432135916,0.0,0.1203169809769134,2
do anything,0,0.0274397859240346,0.02185406765676,0.0800553056817414,18
company do,0,0.0290320857920518,0.0233910563455267,0.0795470710223225,3
second time,0,0.0145128651380888,0.0,0.1590593141872029,6
wrong address,0,0.0844068831197605,0.0053777508719402,0.0,10
take advantage,2,0.0111514391498328,0.0782536467178972,0.1178535303444641,4
real person,0,0.0,0.0390207281495327,0.0,4
uber eats,0,0.0256055305127336,0.0382491067790395,0.0539236837987719,109
service fee,0,0.0100602339285499,0.049937570872943,0.0,3
customer service,0,0.0471410704217389,0.0185062927063067,0.0715086320646128,115
someone el,0,0.0087018962184142,0.0351054015734093,0.0234347969138659,10
old order,0,0.0685535986599032,0.0,0.0,1
first time,0,0.0008378721381995,0.0509031612096384,0.0,16
first thing,0,0.0065393723793834,0.0461890495815848,0.0,5
treat customer,0,0.0223896625456906,0.0510058681466019,0.076817143756017,3
total waste,0,0.0,0.0150024636644334,0.0,1
delivery apps,0,0.0126900657578354,0.0414520707819354,0.0379313577153069,6
many other,2,0.0,0.0763932953510356,0.0,4
correct address,0,0.0038555276009544,0.0041334974392697,0.1131860735905485,4
house number,0,0.0,0.0187778426486204,0.0,2
specialized team,0,0.0045792366854947,0.0,0.150563704636944,3
save money,0,0.0,0.0305829745026669,0.0563991949051994,4
customer service,0,0.0452371712755663,0.0177588740633454,0.0686205936235296,115
menu item,0,0.0030460902770763,0.0249380925326608,0.0751157899548421,3
support person,0,0.0179690343049533,0.0367777541124554,0.0,2
uber member,2,0.0,0.1464829375916162,0.0,1
take day,0,0.0225733453815316,0.0,0.0,1
uber eats,0,0.0239559408081475,0.0357849776831421,0.0504497486040461,109
grub hub,0,0.0158153617063181,0.0158059182514046,0.1032170301625536,17
uber eats,0,0.0238043312504357,0.0355585058996827,0.0501304681327098,109
waste time,0,0.0,0.043421143944487,0.0,1
uber cash,0,0.0068388828607364,0.0110774678033139,0.0870426123731969,5
same restaurant,0,0.0220309724025058,0.0,0.0,1
be perfect,5,0.0,0.2883988222513904,0.0,1
pay extra,0,0.0591058219564854,0.0,0.0,2
customer service,0,0.0432936801028832,0.0169959126754934,0.0656724977499125,115
driver pick,0,0.0216865830087146,0.0568148106567885,0.0,2
be fan,2,0.0,0.1133913393890906,0.0,1
multiple time,0,0.0208253479336462,0.0057645142785414,0.0578774610463245,11
several time,2,0.0,0.1263681506623683,0.0,1
debit card,0,0.0381791077705161,0.0097609340588568,0.0,8
few minute,0,0.0288155953053769,0.0019971295538346,0.0,4
customer service,0,0.0421239650014542,0.0165367145737879,0.0638981484179989,115
same thing,0,0.0039908474752891,0.027880740090902,0.1049741381438311,4
be careful,0,0.0250489525107351,0.0,0.0,3
bad experience,0,0.0635633397536075,0.0185026798396542,0.0,3
hour late,0,0.0256784236963963,0.0002284025007121,0.0773965072184221,8
deliver wrong,4,0.125148416299528,0.0,0.0,1
multiple time,0,0.0200186421713398,0.0055412158779475,0.0556354777919512,11
customer service,0,0.0408739658654645,0.016045999159685,0.0620020156510317,115
full price,2,0.0,0.0749852602219175,0.0,1
uber eats,0,0.0220601752139009,0.0329531152225573,0.0464573820170735,109
delivery time,0,0.030113933211594,0.0080198023576463,0.0675092467120053,6
uber eats,0,0.0218721245564511,0.0326722083429639,0.0460613588147646,109
door dash,0,0.0057885706662971,0.044309190484947,0.0357116677943543,28
whole process,2,0.0,0.0796048711316902,0.0,1
customer service,0,0.0400730419668447,0.0157315783802938,0.0607870883728477,115
be closed,0,0.0181927629927081,0.0039718043886336,0.0,4
many people,2,0.0,0.0822880668794095,0.0,2
ur food,0,0.0172905488529597,0.0135157084001094,0.064133524185841,31
only problem,0,0.0,0.0269361572100732,0.0989440749460847,2
customer service,0,0.0395913933761089,0.0155424963394748,0.0600564721277936,115
other person,0,0.0104735958962687,0.0,0.0983909083118381,2
min try,2,0.0,0.1565596275974744,0.0,1
first place,0,0.0074192438522174,0.0431934175424603,0.0,4
next order,0,0.0118621761561445,0.0094956563357705,0.0780048427189863,5
driver drop,2,0.0,0.0646231174587082,0.0973253369498483,2
do anything,0,0.0222076825574487,0.0176870256369322,0.0647906955448369,18
uber eats,0,0.0211194953528555,0.031547943615895,0.0444763676671596,109
uber eats,0,0.0211128337249063,0.0315379925891579,0.0444623386854542,109
correct order,0,0.0,0.0321130021408455,0.0967272665490338,2
burger king,0,0.0784155099358923,0.0,0.0,1
free grubhub,0,0.017642488893058,0.0513555966109197,0.0,2
contact support,0,0.006345303315027,0.0271794446517157,0.0858369019464476,9
follow simple,0,0.0,0.0131051417586545,0.0,3
many other,2,0.0,0.0647460423546948,0.0,4
ice cold,4,0.1160063860188317,0.0,0.0,3
customer experience,0,0.0542668186050094,0.0253012562098089,0.0,3
uber eats,0,0.0207379947197007,0.030978064446762,0.0436729506279758,109
new driver,0,0.0169517578694343,0.0146758672030549,0.0,3
most people,0,0.0,0.0230335220871668,0.0946077977203851,2
have deal,2,0.0,0.1255378257804272,0.0,1
many thing,2,0.0,0.1251521526964021,0.0,1
do anything,0,0.0214888623556752,0.0171145304517988,0.0626935446726509,18
delivery fee,0,0.0040695553886618,0.0110070191668171,0.0734618767769589,23
food delivery,0,0.0922460667932042,0.0116785208328792,0.0,3
credit card,0,0.0097437338070383,0.0152170499927214,0.0586043722654759,16
do anything,0,0.021422483781664,0.0170616640828185,0.0624998858355196,18
ur food,0,0.0161852489634537,0.0126517155258358,0.0600337828879177,31
credit card,0,0.0095994127012935,0.0149916598574185,0.0577363428247776,16
whole order,0,0.0,0.0489876649276894,0.0,1
good experience,2,0.0,0.0775592589374803,0.0,2
have multiple,0,0.0167901204048488,0.0,0.0920088835424639,2
deliver food,0,0.0,0.0262410398398166,0.0611925563130206,3
uber eats,0,0.0197806357129173,0.0295479778153553,0.041656811015558,109
be closed,0,0.0165377481448982,0.0036104851520548,0.0,4
awful experience,0,0.0428079317440047,0.0,0.0,1
deliver food,0,0.0,0.0258591172343868,0.0603019353360074,3
order status,0,0.0096250587279658,0.0,0.0904195922946317,2
customer service,0,0.0362501575165709,0.0142308186820896,0.054988127188163,115
few minute,0,0.0246817107201903,0.0017106213977571,0.0,4
delivery fee,0,0.0039065773104584,0.0105662086459542,0.0705198660768009,23
first order,0,0.0152302397316895,0.0431179843771221,0.0,5
be able,2,0.0045292191656785,0.0636268489776092,0.0,8
few time,0,0.0169020030952597,0.0204268327672957,0.0,3
hour late,0,0.0221327278429,0.00019686451344,0.0667095399043825,8
email say,0,0.0329770658803843,0.0,0.0,1
uber eats,0,0.0193186630260926,0.0288578908586111,0.0406839247449294,109
good deal,2,0.0,0.0891405438001884,0.0,1
uber eats,0,0.0192430643757062,0.0287449628780897,0.0405247186032318,109
long time,0,0.0218324766785732,0.017581052775304,0.0,3
do anything,0,0.0200939118682891,0.0160035399209848,0.0586237903390077,18
online delivery,2,0.0,0.1358505216872134,0.0,1
many issue,0,0.0,0.0445677251052411,0.0,3
business day,0,0.0197543725428703,0.0274992989477987,0.0792093752925447,11
ur food,0,0.0151358949817742,0.0118314545528913,0.0561415542758672,31
customer service,0,0.0348887264812626,0.0136963581572551,0.0529229625638927,115
delivery fee,0,0.0037694115883451,0.0101952133926306,0.0680438090107192,23
first time,0,0.0006277275303239,0.0381362671164488,0.0,16
delivery fee,0,0.0037558024694174,0.0101584044986423,0.0677981430049204,23
new driver,0,0.0154361406269589,0.0133637320514943,0.0,3
customer service,0,0.0347261967794039,0.0136325534491914,0.0526764200788408,115
uber eat,0,0.0,0.0206842063996397,0.0,1
door dash,0,0.0049967673408583,0.0382482530971124,0.0308267628762593,28
issue refund,0,0.0,0.0229163417361922,0.0,1
wrong address,0,0.0613353349079218,0.0039078110527291,0.0,10
many review,2,0.0,0.0639459990861833,0.0,2
credit card,0,0.0088877247062718,0.0138801976588472,0.053455845325247,16
uber eats,0,0.0185966279366815,0.0277793270999198,0.0391633629337356,109
lunch break,0,0.0,0.0094398774890687,0.1137350587242648,3
provide proof,0,0.0,0.0020207706337595,0.0852144138461971,2
base price,4,0.1656474328004947,0.0,0.0,1
first time,0,0.0006141802342334,0.0373132296082038,0.0,16
be able,2,0.0043095307556149,0.0605406478515591,0.0,8
make more,0,0.0,0.056107373307498,0.0,1
do anything,0,0.0192638180643997,0.0153424222941243,0.0562019998265432,18
wrong house,4,0.1022791673541364,0.0,0.0,3
delivery driver,0,0.0084729819765817,0.0393503540978126,0.06078298725367,11
service fee,0,0.0071442697323441,0.035463139190222,0.0,3
parking lot,0,0.00675508640282,0.0135185943445945,0.0555262210606477,3
first order,0,0.0141046445847712,0.0399313376260005,0.0,5
home page,0,0.0361638486601782,0.0,0.0,2
be aware,0,0.0,0.0410999320593324,0.0,2
be deliver,0,0.0038037315051612,0.0171649610436127,0.0660030829506555,10
wrong address,0,0.0587688665992101,0.0037442956298767,0.0,10
loyal customer,0,0.0063073889470732,0.0369162068964366,0.0,8
use grubhub,0,0.0658164837508149,0.0,0.0,2
ur food,0,0.0142813588501996,0.0111634791595166,0.0529719375026763,31
delivery window,0,0.0149669421159921,0.0108918340046443,0.0,2
delivery time,0,0.0242295101692823,0.0064526902352767,0.0543175801126955,6
taco bell,0,0.0158755738982281,0.0102014168796017,0.0,3
estimated delivery,0,0.0108391849224603,0.0337030910093083,0.0323989653388789,5
charge more,2,0.0,0.0671322989930974,0.0,1
dash pas,0,0.0181982492862543,0.0216080466361936,0.0284889898184653,17
ad be,0,0.0078540888192965,0.0,0.1291198501408247,5
customer service,0,0.0321426717048117,0.0126183322866945,0.0487574521314452,115
delivery fee,0,0.0034727251873054,0.0093927589250305,0.0626881527404295,23
house number,0,0.0,0.0132966672585275,0.0,2
escalation team,0,0.017279207767034,0.0176829327983346,0.0532625927233889,3
couple year,0,0.0016198791367156,0.0,0.0,1
treat customer,0,0.0155238423262138,0.0353648498812191,0.0532610630099932,3
customer service,0,0.0320517005637302,0.0125826195090757,0.0486194573468995,115
delivery people,2,0.0,0.0726031623998035,0.0,1
hot food,0,0.0066576691603733,0.0,0.0,1
countless time,0,0.0,0.0017392596713338,0.1047761483583712,3
have issue,0,0.0,0.0207723001798171,0.0,1
full amount,0,0.0,0.0471268575519238,0.0,7
customer service,0,0.0311695005941276,0.0122362919709672,0.0472812418064092,115
delivery service,0,0.0241172077641529,0.034666768704952,0.0,9
uber cash,0,0.0048809163440121,0.0079059979169815,0.0621223843146953,5
make sure,2,0.0,0.0704668270446746,0.0,7
take people,0,0.0,0.020529014605447,0.0,1
someone el,0,0.0057394968178703,0.0231544177916385,0.015456854338247,10
customer service,0,0.0310121794101016,0.012174531984305,0.0470426001598823,115
bottom line,0,0.0705114246061329,0.0222356342779041,0.0,2
grub hub,0,0.0111445400988791,0.0111378856218011,0.0727334823505337,17
be able,0,0.0039086168214643,0.0549085754328691,0.0,8
uber eats,0,0.0167460129063371,0.0250149097851783,0.0352660806774697,109
get food,0,0.0288779895660196,0.0187184051643855,0.025563413660563,6
do anything,0,0.0174580503366992,0.0139042416099596,0.0509336902328931,18
dasher do,0,0.0,0.0066976457902158,0.0756521801730721,2
girlfriend be,0,0.0,0.0324510818438036,0.0,1
get ready,0,0.0,0.049992315648904,0.0,1
grub hub,0,0.0108515312639927,0.0108450517443879,0.070821195909669,17
be rip,4,0.182742984280466,0.0,0.0,1
dash pas,0,0.0169114867835653,0.0200801840527961,0.0264745892428243,17
someone el,0,0.005570697839727,0.0224734448445742,0.0150022672376004,10
double check,0,0.0,0.0168925320508627,0.0749628804108385,6
few dollar,0,0.013663243753463,0.0,0.0,1
last night,0,0.0168843791266282,0.0008776573412978,0.0892209366555785,5
uber eats,0,0.0161786659331626,0.0241674165084066,0.0340712825938902,109
door dash,0,0.0042993931221437,0.0329101327082177,0.0265244233415472,28
someone el,0,0.0055025484080186,0.022198514748067,0.0148187361942741,10
uber eats,0,0.0161221213899859,0.0240829512297565,0.0339522032385418,109
other apps,0,0.0129355584263979,0.001635106758333,0.0,5
last time,0,0.0173758038539695,0.000817553372626,0.0492508938561587,6
fast food,0,0.0,0.0391154478414482,0.0,1
last straw,0,0.0044564116250643,0.0,0.0732626297503054,2
next day,0,0.0087271394324177,0.0129721877188807,0.0488417531668702,3
small percentage,0,0.0133502707778425,0.0114964857775549,0.0,2
do anything,0,0.016699398076916,0.0133000226900615,0.0487203297230399,18
tip include,0,0.0,0.0140467768284871,0.0,1
pay extra,0,0.0398033624559436,0.0,0.0,2
customer service,0,0.0291750124200234,0.011453310557541,0.0442557882109925,115
delivery fee,0,0.0031520964218975,0.0085255469991011,0.056900299128419,23
missing item,0,0.0246338564769517,0.0022516916703069,0.0072482583914527,20
multiple occasion,0,0.0108402103058349,0.0007753025644175,0.0481651801317967,3
gift card,0,0.012147007112293,0.0081087630322417,0.072240968796859,14
uber eats,0,0.0156920688314108,0.0234405460186887,0.0330465388089795,109
shake shack,0,0.0116856802938911,0.0127559613385965,0.0480276364023836,3
loyal customer,0,0.0055003228192359,0.0321925692066805,0.0,8
live person,0,0.0182939523513324,0.0,0.0,2
multiple time,0,0.014066247478734,0.0038935764576425,0.0390926813377783,11
feel bad,0,0.0173805151753406,0.0,0.0,1
good customer,2,0.0,0.1322084894194168,0.0,1
next day,0,0.0084634337044267,0.0125802104584584,0.0473659144713888,3
ur food,0,0.0123078159856583,0.0096207965009675,0.0456517384672831,31
customer service,0,0.028391176091702,0.0111455978900945,0.0430667811922854,115
food delivery,0,0.0694445917740438,0.0087918123770206,0.0,3
customer service,0,0.0283201157386023,0.0111177015423343,0.042958989226623,115
extra hour,0,0.0,0.0468602358356343,0.0,1
customer service,0,0.0282298696236883,0.0110822733901251,0.0428220942395362,115
true cost,0,0.0104087517182635,0.0332599070271972,0.0,3
uber eats,0,0.0152306437211685,0.0227512770225471,0.0320748057011987,109
lunch hour,0,0.0396520984457196,0.0,0.0698435979819731,2
last straw,0,0.0042396635719527,0.0,0.0696993295661609,2
extra fee,0,0.0,0.0225390467733487,0.0464273260486971,6
real human,0,0.0,0.0287734241422112,0.0,3
estimated delivery,0,0.0092316602875242,0.0287046940395609,0.0275939790505864,5
uber eats,0,0.0150263005160372,0.0224460326118228,0.0316444713882871,109
whole point,0,0.0,0.0309714729017139,0.0,2
ur food,0,0.0119941617866795,0.0093756187030897,0.0444883428268517,31
dash pas,0,0.0155465066076507,0.0184594481877852,0.0243377404876306,17
time frame,0,0.044017516381281,0.0,0.0,1
customer service,0,0.0276547836342327,0.0108565103865075,0.0419497421258147,115
own risk,0,0.0100144669956055,0.0152535113945885,0.0,2
big deal,0,0.0147155818594788,0.0,0.0459344808465696,3
double check,0,0.0,0.0155232748116538,0.0688866174583433,6
do anything,0,0.0157269678964246,0.0125255430707682,0.0458832742311016,18
correct address,0,0.0023437796554996,0.0025127578393737,0.068805944094848,4
first time,0,0.0004964053407975,0.0301580634274787,0.0,16
first time,0,0.0004959736162418,0.0301318349092413,0.0,16
full amount,0,0.0,0.041584900089979,0.0,7
uber eats,0,0.0149019762494424,0.0222603191330162,0.0313826520740169,109
hour wait,0,0.0031176053622862,0.0158813389431162,0.0341685922189236,4
double dash,0,0.0,0.04533759612897,0.0,1
other delivery,0,0.0195129406849379,0.0169947714365306,0.0,2
uber eats,0,0.0148556222640377,0.0221910763365627,0.0312850334111062,109
grub hub,0,0.0098179523034982,0.0098120899405853,0.0640756688251933,17
uber eats,0,0.0148052066832242,0.0221157663978405,0.0311788612762633,109
grubhub guarantee,0,0.0248068024776542,0.0,0.0679699175822541,2
ice cold,0,0.0823585379059168,0.0,0.0,3
uber eats,0,0.0147327335341002,0.0220075072380438,0.0310262372493828,109
love doordash,2,0.0,0.089765376063838,0.0,1
love grubhub,0,0.0,0.0286048353542803,0.0,1
loyal customer,0,0.0051504998709984,0.0301451076591809,0.0,8
bank account,0,0.0070918818901364,0.0347371456396774,0.0,3
one accept,0,0.0040715614178468,0.0088889441996674,0.0,2
delivery address,0,0.0,0.0350002177861908,0.0,2
next order,0,0.0081416659026662,0.0065173927949411,0.053539026890866,5
driver pick,0,0.0135584040166897,0.0355204947089599,0.0,2
do anything,0,0.0152789125229618,0.0121686950810376,0.0445760770837109,18
uber eats,0,0.0145563274361048,0.0217439948036755,0.0306547367782736,109
missing item,0,0.0226864858419067,0.0020736895681174,0.0066752646517213,20
be deliver,0,0.0030774440833306,0.0138874701678052,0.0534004034807575,10
customer service,0,0.0267664101680243,0.0105077593027691,0.0406021619634905,115
missing item,0,0.0226209398309648,0.002067698244469,0.0066559784135198,20
priority delivery,0,0.0222226105267352,0.0088210762260856,0.0332123491455145,4
uber eats,0,0.0144657142960966,0.0216086384334557,0.03046391103821,109
be deliver,0,0.0030603549870108,0.013810352823376,0.0531038701843308,10
delivery instruction,0,0.0269183057847185,0.003917830609448,0.044253225153609,3
have wait,0,0.0,0.0176114973638428,0.0,1
promo code,0,0.0,0.0257015285599357,0.0440926791626044,3
significant amount,2,0.0,0.0658542644381009,0.0,1
customer service,0,0.0264713053861379,0.0103919092504949,0.0401545153767748,115
wrong place,0,0.0080254053979237,0.0,0.0,1
uber eats,0,0.0143517111741342,0.0214383425052805,0.0302238274243315,109
first time,0,0.0004752751800184,0.0288743449082857,0.0,16
customer service,0,0.0264027942242934,0.0103650136453802,0.0400505902978397,115
make sure,0,0.0,0.0598418498244598,0.0,7
uber eats,0,0.0143308760281029,0.0214072193178538,0.0301799498789733,109
parking lot,0,0.0053257068473281,0.0106580532318878,0.0437768457832742,3
local restaurant,0,0.0,0.0326915441187236,0.0,2
uber eats,0,0.0142741749237711,0.0213225201708082,0.0300605408153919,109
quality control,0,0.0119585172109316,0.0,0.0655319789775544,2
many time,2,0.0,0.0656273274469092,0.0,7
customer service,0,0.0261368067532038,0.0102605942515872,0.0396471119713236,115
take advantage,0,0.0061554038053371,0.0431946754420549,0.0650531343450506,4
uber eats,0,0.0141658222922732,0.0211606648493616,0.0298323567894156,109
customer service,0,0.0260810526014783,0.0102387066991368,0.0395625380936804,115
door dash,0,0.0037466544502733,0.0286791395127996,0.0231143898523035,28
wasted time,0,0.0025052358481232,0.0100271899169161,0.0,2
other day,0,0.0065605718995133,0.0,0.0,1
save money,0,0.0,0.0175127252517776,0.032295864639003,4
menu item,0,0.0017441343822931,0.014279085863722,0.0430098979335234,3
wasted time,0,0.0024963023970415,0.0099914338380319,0.0,2
job do,0,0.0,0.0342129408967832,0.0,1
actual price,0,0.0,0.0569693818232108,0.0,1
door dash,0,0.0037251516469314,0.0285145441637641,0.02298173172064,28
customer service,0,0.0258007435934939,0.0101286650623313,0.0391373353238446,115
grubhub decide,0,0.0,0.0060989490584865,0.0,1
uber eats,0,0.0140051829014507,0.0209207044544994,0.0294940600409052,109
uber eats,0,0.0139839393056417,0.020888971131729,0.0294493223252549,109
estimated delivery,0,0.0085909280373204,0.0267124171759685,0.0256787924277584,5
delivery fee,0,0.002783198738886,0.007527781032132,0.0502411156195273,23
shake shack,0,0.0103948642976694,0.0113469206555604,0.0427224389496237,3
customer service,0,0.0256854006690097,0.0100833845902713,0.0389623708040659,115
do anything,0,0.0146266380720264,0.0116491994107368,0.0426730727854055,18
do anything,0,0.014623703532705,0.011646862234308,0.0426645112957837,18
timely manner,0,0.0018537088868152,0.0305929991373306,0.0213322556478918,6
real human,0,0.0,0.0265582858276529,0.0,3
customer service,0,0.0255291662943009,0.0100220512551714,0.0387253777464847,115
ur food,0,0.0110653370105222,0.0086495732237879,0.0410431771035038,31
customer service,0,0.0254992868393006,0.0100103213997567,0.038680053384208,115
customer service,0,0.0254971327340374,0.0100094757570472,0.038676785806291,115
be deliver,0,0.0029215845016772,0.0131841282931947,0.0506958979491319,10
only reason,0,0.0,0.0160351590080413,0.0361921973688611,7
customer service,0,0.0254005541429575,0.0099715616481884,0.0385302850401212,115
be lazy,0,0.0384892842293101,0.0,0.0,1
loyal customer,0,0.0048208442917436,0.0282156827148095,0.0,8
door dash,0,0.0036443822238333,0.027896286573121,0.0224834375869234,28
delivery person,0,0.0305954321902153,0.0088132662682018,0.0209576486755562,6
use uber,0,0.0,0.0333485699170841,0.0,1
cold food,0,0.0656252535416342,0.0,0.0,2
few minute,0,0.0171690701826305,0.0011899409715541,0.0,4
missing item,0,0.0213117238804679,0.0019480275525039,0.0062707551128851,20
ur food,0,0.0108855471995355,0.0085090347897988,0.040376306763566,31
customer service,0,0.0250899705137775,0.0098496350245464,0.0380591584775371,115
delivery person,0,0.0304034269994287,0.0087579575913785,0.0208261265154059,6
gift card,0,0.0105042483331265,0.0070121355637425,0.062471114823,14
door dash,0,0.0036164497196754,0.0276824744390373,0.0223111124367857,28
find other,0,0.0189183939847715,0.0,0.0,1
business practice,0,0.0,0.0412999958846045,0.0,1
be fair,0,0.0126115817852017,0.0371699962961441,0.0,2
bad experience,0,0.0377865218977843,0.0109992948708946,0.0,3
debit card,0,0.0224333407428038,0.0057353451271449,0.0,8
contact support,0,0.0040634380279191,0.0174053127947338,0.0549686775007196,9
business model,0,0.0187776223493878,0.0,0.0617401671801085,2
different location,0,0.0031256377656586,0.0,0.061661927073115,2
take advantage,0,0.0058313459692539,0.0409206454195354,0.0616283423065483,4
ur food,0,0.0107194489873519,0.0083791988302382,0.0397602208429344,31
customer service,0,0.0247298598606653,0.0097082654482188,0.0375129040126816,115
uber eats,0,0.0134232621174301,0.020051441066503,0.0282685704015535,109
customer service,0,0.0247287126856588,0.0097078150987408,0.0375111638545832,115
gift card,0,0.0103620590717571,0.0069172167894703,0.0616254834753868,14
hour late,0,0.0152770181150706,0.0001358848651366,0.0460459667150429,8
be deliver,0,0.0028278257599741,0.0127610266240448,0.049068978173753,10
bank account,0,0.0064669858553505,0.0316763072181849,0.0,3
lot more,2,0.0,0.0814533614647346,0.0,1
uber eats,0,0.013314018031584,0.0198882541056849,0.0280385090271514,109
customer service,0,0.0245136217056767,0.0096233762729266,0.037184890785042,115
delivery apps,0,0.0068099720141685,0.022244758013174,0.0203554094541365,6
multiple occasion,0,0.0091625078008813,0.0006553116216477,0.040710818908273,3
contact support,0,0.0040074134293875,0.0171653372727884,0.0542107975804073,9
get food,0,0.0229137779877418,0.014852466763338,0.0202837660803159,6
horrible service,0,0.0591750634809258,0.0,0.0,1
wrong address,0,0.0433450318109809,0.0027616086982509,0.0,10
have trouble,0,0.0295701996888331,0.0,0.0,1
front door,0,0.0184813748055207,0.0085739786682589,0.0303830577956077,4
customer service,0,0.0243550999578171,0.0095611449777956,0.0369444279945174,115
double check,0,0.0,0.0136741863169488,0.0606810388464297,6
payment method,0,0.0,0.0165867270751797,0.0485448310771437,5
first place,0,0.0046093460213571,0.0268347302317946,0.0,4
customer service,0,0.024261275064661,0.0095243118952977,0.0368021043327257,115
missing item,0,0.0205162471072027,0.0018753158995007,0.0060366942705473,20
delivery service,0,0.0187386623989682,0.0269354927642482,0.0,9
ur food,0,0.0104546039147332,0.0081721742410733,0.0387778663778023,31
card information,0,0.0372083863428346,0.0,0.0,1
last order,0,0.0018261300464422,0.0299007550512627,0.0,2
same exact,0,0.0121742003096151,0.010262234420161,0.0,3
go grab,0,0.0,0.0276174693976045,0.0,1
different driver,0,0.0,0.0199028756458896,0.0599492613380913,2
customer service,0,0.024045960550228,0.0094397853159824,0.0364754921821527,115
customer service,0,0.0240242549158441,0.0094312642786005,0.0364425667477278,115
uber eats,0,0.0130381513887008,0.0194761691978887,0.0274575507215205,109
many review,0,0.0,0.044491455214767,0.0,2
take long,0,0.0,0.0397245135846134,0.0,1
uber eats,0,0.0130209024493769,0.019450403025159,0.027421225508516,109
full amount,0,0.0,0.0362585240251328,0.0,7
uber eats,0,0.0129851678253756,0.0193970232504867,0.0273459705723078,109
customer service,0,0.0239077732222165,0.0093855367569742,0.0362658748207657,115
make sure,0,0.0,0.0541400976728402,0.0,7
treat customer,0,0.0115670038652941,0.0263507800888219,0.0396854663143516,3
phone number,0,0.0,0.0088471890208956,0.0396126848501819,3
customer service,0,0.023804501029071,0.0093449949233316,0.0361092204810131,115
be grateful,2,0.0,0.0984736217155997,0.0,1
business day,0,0.0134292731896312,0.018694372463205,0.0538475386993514,11
uber eats,0,0.0128931198657543,0.0192595235710876,0.0271521231897483,109
do anything,0,0.0135256962019413,0.0107723682947212,0.0394610857024343,18
date night,0,0.01708308958224,0.0,0.0,1
own food,0,0.0,0.0366411233208417,0.0,2
ad be,0,0.0057461683999847,0.0,0.0944660061479189,5
multiple time,0,0.0115847379760207,0.0032066877196342,0.0321961113483122,11
cold food,0,0.0617523647872794,0.0,0.0,2
good experience,0,0.0,0.0496261833285766,0.0,2
delivery apps,0,0.0065713837659475,0.0214654100458958,0.0196422550574106,6
credit card,0,0.0061134607870069,0.0095475554101476,0.0367698398670689,16
food sit,0,0.0,0.0114527061530368,0.0588313881126875,2
parking lot,0,0.0047714527456013,0.0095488540420827,0.0392209254084583,3
long day,0,0.0071543561584393,0.0,0.0,1
extra fee,0,0.0,0.019033049631979,0.0392054557520063,6
only reason,0,0.0,0.0148887430994103,0.0336046763588625,7
customer service,0,0.023584194661696,0.0092585086793148,0.035775036152461,115
front door,0,0.0178752729023684,0.0082927926178107,0.0293866368395215,4
previous order,0,0.0004752866716876,0.0,0.0,1
menu option,0,0.0154468183982957,0.0103763560998407,0.0,2
credit card,0,0.0060856226714937,0.0095040798797342,0.0366024055634421,16
payment method,0,0.0,0.016005389152198,0.0468434133627284,5
uber eats,0,0.012754289714704,0.0190521414483453,0.0268597553685369,109
be ready,2,0.0,0.0602436671715737,0.0,2
uber eats,0,0.0127269650701513,0.0190113243581983,0.026802211335538,109
taco bell,0,0.01140501156072,0.0073286974186532,0.0,3
promo code,0,0.0,0.0226119830711783,0.0387923586903656,3
most people,0,0.0,0.014166770692866,0.0581885380355485,2
first thing,0,0.003279138009433,0.0231612851074315,0.0,5
wrong address,0,0.0414023479175128,0.0026378359724273,0.0,10
wrong address,0,0.0413958573949279,0.0026374224467503,0.0,10
follow simple,0,0.0,0.0078783850082118,0.0,3
grub hub,0,0.0083482875843608,0.008343302767771,0.0544840811991301,17
re order,0,0.0067790543351007,0.0054889678627497,0.0514368325733654,9
convenience store,0,0.0405892722461124,0.0,0.0,1
uber eats,0,0.0125781094923145,0.0187889664231224,0.0264887305776618,109
grub hub,0,0.008323890115936,0.0083189198672326,0.0543248540956935,17
customer service,0,0.0231616063666542,0.0090926120924886,0.0351340088988453,115
uber eats,0,0.0125456471259165,0.0187404746913054,0.0264203668161637,109
ur food,0,0.0100181449783491,0.0078310022075562,0.0371589675220884,31
food come,0,0.0700693561992175,0.0,0.0,1
gift card,0,0.0096809704329294,0.0064625544742885,0.0575748969687195,14
more money,2,0.0,0.0891592152754081,0.0,1
free delivery,2,0.0,0.0611128333817927,0.0,2
customer service,0,0.0230801882091856,0.0090606495545096,0.0350105051045166,115
be nice,2,0.0,0.0675861216967688,0.0,6
day go,0,0.0,0.0038148186614887,0.0,1
missing item,0,0.0194883084114537,0.0017813557434459,0.0057342339032746,20
couple time,0,0.0,0.0050713470315515,0.0572825842643957,2
grub hub,0,0.0082607871810877,0.0082558546115554,0.0539130204841371,17
speak english,0,0.0029012241971973,0.0228020019172357,0.0,2
customer service,0,0.0229562937009861,0.0090120119649739,0.0348225686252978,115
delivery fee,0,0.0024795272597048,0.0067064338645581,0.0447593677002248,23
add menu,0,0.0069420576173237,0.0113668117323708,0.0,2
food delivery,0,0.0560828282423731,0.0071001886667279,0.0,3
full time,0,0.0,0.0365956707760438,0.0,2
only thing,0,0.0057801954624867,0.0090681698827037,0.0190050810239705,6
support number,0,0.0208087036649523,0.0,0.0570152430719117,2
debit card,0,0.0205840484386884,0.0052625519873859,0.0,8
uber eats,0,0.0124142963614973,0.0185442651493364,0.0261437501265098,109
gift card,0,0.0095573102138137,0.0063800048055467,0.0568394619806632,14
shake shack,0,0.0092095970714737,0.0100530958603398,0.0378510423387525,3
escalation team,0,0.0122679312740861,0.0125545688910649,0.0378154968572574,3
few time,0,0.0107285774851309,0.0129659695886108,0.0,3
bad experience,0,0.0344847133943276,0.0100381700170383,0.0,3
menu item,0,0.0015298143025596,0.0125244648598,0.0377248207926657,3
door dash,0,0.0032758319897201,0.0250751821126236,0.0202097254246423,28
same exact,0,0.0114514345817053,0.0096529795087883,0.0,3
provide proof,0,0.0,0.0013382996885778,0.0564351152018357,2
customer service,0,0.0226459521370837,0.008890180369528,0.0343518092532913,115
error message,0,0.0137290310790366,0.0,0.0564257190200296,2
countless time,0,0.0,0.0012482021583908,0.0751939556147501,3
customer service,0,0.0226172367107298,0.0088789074798686,0.0343082506145215,115
uber eats,0,0.0122771088248422,0.0183393367360912,0.0258548415509173,109
credit card,0,0.0058565035223075,0.0091462583693663,0.0352243523265649,16
delivery fee,0,0.0024403509154602,0.0066004727138172,0.0440521730564347,23
make sure,0,0.0,0.0511939872217766,0.0,7
full refund,0,0.003913068130502,0.0218912455868851,0.0,7
expect customer,0,0.0456260676816339,0.0,0.0,1
hard earn,0,0.0,0.0047993029407358,0.0,1
make sure,0,0.0,0.0509281780591402,0.0,7
contact support,0,0.0036792849176621,0.0157598330312546,0.0497719971813625,9
hour late,0,0.0139330389783709,0.0001239305411735,0.0419951226217746,8
uber eats,0,0.0121389338802317,0.0181329333496053,0.0255638535544613,109
get home,2,0.0,0.0740073407137677,0.0,1
same issue,0,0.0,0.0288628628783694,0.0,1
customer service,0,0.0223413420661807,0.0087705988012058,0.0338897440246381,115
google map,0,0.0067701118581399,0.0443410822212306,0.0,2
follow instruction,0,0.0330983246473175,0.0,0.0556497289928748,2
full refund,0,0.0038662083083959,0.0216290932706788,0.0,7
customer service,0,0.0223113279172335,0.0087588160686379,0.0338442153441352,115
dollar order,0,0.0,0.0295349490432747,0.0,1
be happy,2,0.0,0.1179601416716141,0.0,1
dollar coupon,2,0.0111861850681342,0.0737250885447588,0.0,2
customer service,0,0.0222527597393625,0.0087358238066196,0.0337553728497963,115
uber eats,0,0.0120596986897081,0.018014573167164,0.0253969890812803,109
re open,0,0.0044835971079941,0.0046843429751614,0.0184273884947385,6
contact support,0,0.0036236554116159,0.0155215498467445,0.0490194619251651,9
delivery instruction,0,0.0223631304993657,0.0032548466420659,0.0367645964438738,3
cover cost,0,0.0238984822495691,0.0,0.0,1
loyal customer,0,0.0042190478660158,0.0246934579799587,0.0,8
customer service,0,0.0220994022348017,0.008675619851921,0.0335227437374347,115
only reason,0,0.0,0.0139431091779633,0.0314703308555509,7
take advantage,0,0.0052019470139359,0.0365039272872568,0.0549765650890351,4
front door,0,0.0166795705410477,0.0077380759559048,0.0274209230150555,4
customer service,0,0.0219319165767022,0.0086098695712175,0.0332686835263705,115
gift card,0,0.0091901191143053,0.0061348855275272,0.0546556943647515,14
multiple occasion,0,0.008191492475181,0.0005858636450066,0.0363964074020759,3
re order,0,0.0063934808112568,0.0051767708251558,0.0485112503593401,9
solve problem,0,0.0094838699787879,0.0,0.0,1
delivery driver,0,0.0055322575167963,0.0256929960252374,0.0396869884837303,11
business day,0,0.0123567881436087,0.0172014074584389,0.049547180876207,11
first thing,0,0.0030741277844795,0.0217132520400747,0.0,5
liquor store,0,0.0,0.0413151134017558,0.0,1
grubhub guarantee,0,0.0198629288955498,0.0,0.054423847700196,2
cart total,0,0.0,0.0288916169388803,0.0,1
phone number,0,0.0,0.0080980784806003,0.0362585935472176,3
suspicious activity,0,0.0431092050842573,0.0,0.0,2
gift card,0,0.0091339280866092,0.0060973750754534,0.0543215137521177,14
be prepared,0,0.0478946408872185,0.0,0.0,2
be careful,0,0.0129405144362282,0.0,0.0,3
uber eats,0,0.0117953769486564,0.0176197338377276,0.0248403436339803,109
first time,0,0.0003904866250966,0.023723194412712,0.0,16
lunch break,0,0.0,0.0059473283696969,0.0716555635561222,3
please fix,0,0.0,0.004920784811301,0.0,1
uber cash,0,0.0033687242795271,0.0054565834076423,0.0428757982299297,5
re order,0,0.0062775436079064,0.0050828970262703,0.0476315638687217,9
customer service,0,0.0215024790096332,0.0084412841478453,0.0326172665622768,115
fast delivery,0,0.0,0.0308362420479288,0.0,1
last order,0,0.0016297468956991,0.0266852094234996,0.0,2
other apps,0,0.0093800104479792,0.0011856711532009,0.0,5
multiple time,0,0.010513925033566,0.0029102837163928,0.0292201258059678,11
business bureau,2,0.0,0.0709979266407111,0.0,1
ur food,0,0.0092952678016256,0.0072659422309889,0.0344776957307159,31
new driver,0,0.0094911523039298,0.0082168995032425,0.0,3
confirm order,0,0.0420938429042041,0.0,0.0532319565073957,2
wrong item,0,0.035617867072788,0.0,0.0,1
bad luck,0,0.0345307885426286,0.0,0.0,2
uber eats,0,0.0115923826710317,0.0173165044320124,0.024412850080033,109
first thing,0,0.0029987418236821,0.0211807841396376,0.0,5
gift card,0,0.0089255090901188,0.0059582444864668,0.0530819993529783,14
uber eats,0,0.0115543973739513,0.0172597626401039,0.0243328553637452,109
ur food,0,0.0092265968321856,0.0072122633798202,0.0342229836728805,31
wrong house,0,0.0645190476247443,0.0,0.0,3
need help,0,0.0,0.0351928957672073,0.0530020923390595,2
customer service,0,0.0212683688512535,0.0083493789136678,0.0322621431629057,115
next day,0,0.0063136779505368,0.0093847722045885,0.0353347282260396,3
large amount,0,0.0039871723597131,0.0,0.0,1
accept cash,0,0.0,0.0351536277860726,0.0,1
missing item,0,0.0179761631877897,0.0016431360210243,0.0052893007554026,20
customer service,0,0.0212091550786632,0.0083261332088503,0.0321723213612486,115
ice cream,0,0.0,0.0023396609591585,0.0704727039341638,3
missing item,0,0.0179630855493235,0.0016419406414203,0.0052854527950622,20
debit card,0,0.0190616821966072,0.004873341307249,0.0,8
credit card,0,0.0054844138223134,0.0085651559215042,0.0329863926566433,16
business day,0,0.0119520392874958,0.0166379722104263,0.0479242539027739,11
specific instruction,0,0.0066805097857299,0.0,0.0527166792930513,2
door dash,0,0.0030471330640132,0.0233245834161527,0.018798803708281,28
ice cold,0,0.0640355339336165,0.0,0.0,3
grub hub,0,0.0075827300782147,0.0075782023809704,0.0494877634625914,17
door dash,0,0.0030410361693738,0.0232779141291185,0.0187611898846809,28
horrible experience,4,0.1278148152551099,0.0,0.0,1
partial refund,0,0.017041975324743,0.0,0.0,1
business model,0,0.0159765929959503,0.0,0.0525304803869741,2
uber eats,0,0.011439349507105,0.0170879060897576,0.0240905715809329,109
door dash,0,0.0030402323309071,0.0232717610675434,0.0187562307308692,28
delivery apps,0,0.0058566305374113,0.0191306702591767,0.0175058153488112,6
gift card,0,0.0088200329029313,0.0058878336108049,0.052454708870888,14
best app,2,0.0,0.0695024030098407,0.0,1
correct order,0,0.0,0.0173477913688953,0.0522531164298046,2
low quality,0,0.0,0.0092419711336355,0.0,1
customer service,0,0.0209447438589809,0.0082223326081746,0.0317712340619391,115
uber eats,0,0.0113648818838415,0.0169766676183511,0.0239337473132962,109
missing item,0,0.0177323353067437,0.0016208485968342,0.0052175569142985,20
business day,0,0.0118293576266026,0.0164671918092268,0.0474323355845325,11
most other,0,0.0,0.0304201456085686,0.0,1
re open,0,0.0042126380678654,0.004401252178729,0.0173137586617386,6
customer service,0,0.0208240246016162,0.0081749415351232,0.0315881141437707,115
door dash,0,0.0030041305450918,0.0229954163536664,0.0185335064944142,28
uber eats,0,0.0112946843853258,0.0168718077867997,0.0237859156676466,109
customer service,0,0.0208073866543396,0.0081684099328583,0.0315628759207207,115
free delivery,0,0.0,0.0550881692778987,0.0,2
business day,0,0.0117284168478267,0.016326676050219,0.0470275919759449,11
only thing,0,0.0052373221255806,0.0082164914791266,0.0172201324317277,6
taco bell,0,0.0101250886110461,0.0065062372249558,0.0,3
follow instruction,0,0.0306937122943279,0.0,0.0516067441227136,2
many other,0,0.0,0.0347469872656557,0.0,4
business day,0,0.011662326370946,0.0162346740502871,0.0467625880951509,11
tip amount,2,0.0,0.0682164704969807,0.0,1
own risk,0,0.0074638103951184,0.011368484908777,0.0,2
ur food,0,0.0089321512624252,0.0069821006189716,0.0331308360360281,31
true cost,0,0.0076166801121977,0.0243381799513093,0.0,3
get refunded,0,0.0,0.0118202483241524,0.0508623670033112,2
hidden fee,0,0.0,0.0032071985027427,0.0,1
grub hub,0,0.0073139498535762,0.007309582646745,0.0477336020928562,17
delivery driver,0,0.0051415589461823,0.0238785076737144,0.0368842177114926,11
push notification,0,0.0,0.032552324541289,0.0,2
person deliver,0,0.0205419786717643,0.0,0.0,1
customer service,0,0.0202873609082281,0.0079642620722719,0.0307740450899795,115
take care,0,0.0,0.0398721699340185,0.0,1
next order,0,0.0061463231105731,0.0049201235269444,0.0404177919151857,5
get rid,0,0.0,0.0335462968356148,0.0,1
uber eats,0,0.010999416968229,0.0164307423318469,0.0231641005161234,109
uber eats,0,0.0109837780786582,0.0164073812241049,0.0231311659695902,109
uber eats,0,0.0109712888014342,0.0163887249538162,0.0231048643143457,109
support number,0,0.0183828973175272,0.0,0.0503686042052736,2
chicken sandwich,0,0.0,0.0242945123261588,0.0,1
bank account,0,0.0053043696126494,0.0259816311968693,0.0,3
hour late,0,0.0125071229891512,0.0001112474114926,0.0376973153086257,8
different place,0,0.0042585184039538,0.0,0.0753946306172514,4
be great,2,0.0,0.1000882686188222,0.0,3
customer service,0,0.0201242948159457,0.0079002467920235,0.0305266889503985,115
door dash,0,0.0029030567908231,0.0222217372385441,0.0179099480128376,28
go get,0,0.0,0.0026854548834405,0.066859726824908,3
driver drop,0,0.0,0.0332956770195125,0.050144795118681,2
many time,0,0.0,0.0503819658627839,0.0,7
dash pas,0,0.0112942248510947,0.0134104184124155,0.0176808797224979,17
couple time,0,0.0,0.0044287658888547,0.0500244123774714,2
food arrive,0,0.026364054885786,0.0,0.0,2
few minute,0,0.0136890285089189,0.0009487488670187,0.0,4
delivery window,0,0.0091199114616129,0.006636797350262,0.0,2
multiple time,0,0.0098055158577144,0.0027141940845529,0.0272513267918603,11
final straw,0,0.0425359463892096,0.0,0.0,2
customer experience,0,0.0284537510110571,0.0132662216611756,0.0,3
re open,0,0.0040384320284134,0.0042192463433514,0.0165977794401919,6
business day,0,0.0112892531138914,0.0157153331801629,0.0452666712005235,11
door dash,0,0.0028758440574283,0.0220134346614289,0.0177420633741604,28
customer service,0,0.0199344072627952,0.0078257021410759,0.0302386471420473,115
different delivery,0,0.010069902113579,0.0,0.0,1
something go,0,0.0302070566807581,0.0016486847041929,0.0,3
next door,0,0.0302070566807581,0.0,0.0,1
multiple time,0,0.0097191156075742,0.0026902782548059,0.0270112046518692,11
negative review,2,0.0,0.0623705334811387,0.0,1
uber eats,0,0.010761799720909,0.0160757937217893,0.0226636931020593,109
someone el,0,0.0036623048702826,0.0147745594671034,0.0098628354921217,10
customer service,0,0.0197885039918597,0.0077684245142723,0.0300173254108051,115
someone el,0,0.0036591516653595,0.0147618387310374,0.0098543436973282,10
ur food,0,0.0085111238335115,0.0066529911149276,0.0315691752105233,31
uber eats,0,0.0106584159533504,0.0159213608049395,0.0224459732001427,109
complete opposite,0,0.0,0.0102731514265754,0.0,2
double check,0,0.0,0.0109746047826002,0.0487012831112115,6
wrong location,0,0.0591140118175997,0.0,0.0,1
debit card,0,0.0175494722583499,0.0044867272046041,0.0,8
something go,0,0.0295570059087998,0.0016132052870486,0.0,3
other apps,0,0.0085081952824526,0.0010754701999695,0.0,5
dash pas,0,0.0109415330528613,0.0129916429189845,0.017128747872292,17
be able,0,0.0024568102171828,0.034513475046625,0.0,8
many issue,0,0.0,0.0246667606334684,0.0,3
door dash,0,0.0028027888482781,0.0214542262894897,0.0172913608587691,28
customer satisfaction,0,0.0,0.0080272587209973,0.0,1
uber eats,0,0.0105332646101224,0.0157344118530992,0.0221824121129836,109
first time,0,0.0003493024858416,0.0212211385688627,0.0,16
correct address,0,0.0016455041675444,0.0017641391702574,0.0483067883511286,4
last time,0,0.0113479703333441,0.000533936242401,0.0321652849599063,6
front door,0,0.0146555174299809,0.0067990663648798,0.0240934150075585,4
real human,0,0.0,0.0199972540143525,0.0,3
true cost,0,0.0071592751338165,0.0228765976726156,0.0,3
debit card,0,0.0173745739326223,0.0044420124083681,0.0,8
be punish,2,0.0,0.0637153859073829,0.0,1
uber eats,0,0.0104478290699819,0.0156067896936625,0.0220024900820997,109
door dash,0,0.0027767162552924,0.0212546510306498,0.017130510135349,28
customer service,0,0.0192281566543663,0.0075484475016147,0.0291673304652783,115
big deal,0,0.0102207538467651,0.0,0.0319039387157718,3
second time,0,0.0058219484010965,0.0,0.0638078774315436,6
only reason,0,0.0,0.0120562084724757,0.0272114967077758,7
long time,0,0.0117695954487535,0.0094777098253626,0.0,3
someone el,0,0.0035314656198943,0.0142467245778839,0.0095104765137734,10
timely manner,0,0.0013729247013063,0.0226582957558373,0.0157994499146461,6
priority delivery,0,0.0158572803952318,0.0062944125730174,0.0236991748719691,4
gift card,0,0.0079694821104685,0.0053200464382769,0.0473962930248755,14
speak english,0,0.0024014103491189,0.0188737442068683,0.0,2
be nice,0,0.0,0.0557124967954128,0.0,6
delivery driver,0,0.0048028206563223,0.0223053340626625,0.0344541965912077,11
hour wait,0,0.0021594595544444,0.0110004651432002,0.0236674255894155,4
uber eats,0,0.0103104767513389,0.0154016151318813,0.0217132344857023,109
customer service,0,0.0189728917192646,0.0074482374816813,0.0287801172314701,115
escalation team,0,0.0102259254749662,0.010464852058761,0.0315210807773243,3
loyal customer,0,0.0036177065357923,0.0211738968512276,0.0,8
first place,0,0.0035909739828662,0.0209059631568381,0.0,4
estimated delivery,0,0.0063056738720525,0.0196067049233961,0.0188480324563493,5
leave review,2,0.0,0.0999701932046503,0.0,1
payment method,0,0.0,0.0128425563280698,0.0375866634037625,5
business day,0,0.0106267479712576,0.0147930853622581,0.0426102153519645,11
dasher do,0,0.0,0.0041496086656236,0.046871236887161,2
customer service,0,0.018808215122028,0.0073835899613115,0.0285303181052284,115
customer service,0,0.0187839015684246,0.0073740451262943,0.0284934366992007,115
save money,0,0.0,0.0126730285062577,0.0233708007931422,4
delivery address,0,0.0,0.0244289685625983,0.0,2
grub hub,0,0.0067217722390305,0.0067177586252886,0.0438688270825107,17
door dash,0,0.002698286973835,0.0206543062871832,0.0166466531339884,28
customer service,0,0.0187036398268482,0.0073425365655119,0.0283716870805368,115
other time,0,0.0107501963186934,0.0221800563018383,0.0,2
double check,0,0.0,0.0104918428900189,0.0465589623560094,6
delivery instruction,0,0.0188431667595341,0.0027425327619001,0.0309778374569936,3
last night,0,0.0105521733928763,0.0005485065441524,0.0557601074225886,5
delivery service,0,0.0143306018304127,0.0205992196076737,0.0,9
door dash,0,0.0026716470844371,0.0204503886014755,0.0164823025654114,28
inflated price,0,0.0054578044492451,0.0,0.0,2
resolve issue,0,0.0,0.0114898112526439,0.0,1
missing item,0,0.01562065420554,0.0014278274695749,0.0045962165132861,20
first time,0,0.0003318837423219,0.0201628994067955,0.0,16
customer service,0,0.0184168562822511,0.0072299532030174,0.0279366630390946,115
uber eats,0,0.0099689380184167,0.0148914303708891,0.0209939747683545,109
think uber,2,0.0,0.0667529143596638,0.0,1
apple pay,0,0.0023163655832662,0.0,0.0,1
order something,0,0.0,0.0283162619439382,0.0,3
uber eats,0,0.0099525618913805,0.0148669679903372,0.0209594876447344,109
re open,0,0.0036997111111059,0.0038653597404047,0.0152056512484348,6
delivery driver,0,0.0046052144035393,0.0213876080436005,0.0330366203025584,11
be fair,0,0.0091846120126505,0.0270697205399188,0.0,2
order detail,0,0.0110215343931376,0.0,0.0,1
technical issue,0,0.0,0.0300299426567691,0.0,1
wrong house,0,0.0550205977920434,0.0,0.0,3
many option,2,0.0,0.0938435708024035,0.0,1
be deliver,0,0.0020815365230164,0.0093932742834117,0.0361192233487174,10
add menu,0,0.0054753155341637,0.0089651922071136,0.0,2
last night,0,0.0102146734374911,0.0005309631502668,0.0539766801544104,5
customer service,0,0.0180342560016969,0.0070797548151126,0.0273562938950508,115
add note,0,0.0,0.0477462241619488,0.0,1
same price,0,0.0031893827846996,0.0049735650168696,0.0,3
customer service,0,0.0180301146406632,0.0070781290302332,0.027350011834424,115
uber eats,0,0.0097474400842373,0.014560560517146,0.0205275136435272,109
cancellation fee,0,0.0133077858712578,0.0,0.0,1
get food,0,0.0168507678624102,0.0109224881967113,0.0149166599142964,6
uber eats,0,0.0097410945255318,0.0145510816292792,0.02051415028435,109
recent order,0,0.0,0.0256983077323813,0.0,1
uber eats,0,0.0097251337816845,0.014527239741083,0.0204805379323627,109
customer service,0,0.0179159161918319,0.007033297847959,0.0271767833780743,115
customer service,0,0.0178924771064468,0.0070240963052061,0.0271412284592373,115
missing item,0,0.0151517745601096,0.0013849688780678,0.0044582535098988,20
specific instruction,0,0.0056350733445541,0.0,0.0444670188092877,2
chat support,0,0.0,0.0295173935387585,0.0,1
dash pas,0,0.0099596831438432,0.0118258242575252,0.0155916817720708,17
uber eats,0,0.0096073677527103,0.0143513228462958,0.0202325298660786,109
half hour,0,0.0250350195205643,0.0,0.0,1
delivery driver,0,0.0044700249391496,0.0207597590397041,0.0320668059546061,11
exact same,0,0.0,0.0063794036003842,0.0,3
help center,0,0.0107180737540044,0.0,0.0,1
delivery service,0,0.0136786258621864,0.01966205058244,0.0,9
ur food,0,0.0076620667421983,0.0059892985879394,0.0284198811098001,31
customer service,0,0.0176641581430594,0.0069344645355189,0.0267948897656061,115
wrong address,0,0.03136480416474,0.0019983216618228,0.0,10
uber eats,0,0.0095698714096098,0.0142953114455415,0.0201535648570171,109
uber eats,0,0.0095633438391306,0.0142855606715772,0.0201398181921582,109
ridiculous amount,0,0.0356084910579737,0.0,0.0,1
door dash,0,0.0025402899964881,0.0194449026936386,0.0156719158641518,28
business day,0,0.0099391642246836,0.0138359265885408,0.0398532014853257,11
delivery service,0,0.0136127044636331,0.0195672932664728,0.0,9
few month,0,0.0319293364656303,0.0,0.0,2
main issue,0,0.0,0.0193631755606482,0.0,1
money spent,0,0.0159134161347794,0.0,0.0,1
business day,0,0.0098856069928174,0.0137613716348612,0.0396384523269152,11
door dash,0,0.0025241348298876,0.0193212413624596,0.0155722491284309,28
right location,0,0.0004025715542794,0.0,0.0,1
ice cream,0,0.0,0.0019219417886067,0.0578906247578256,3
missing item,0,0.0147559861758687,0.0013487912942277,0.0043417968568368,20
late night,0,0.0158123860741258,0.0174044669940272,0.0,2
grub hub,0,0.0062480168964491,0.0062442861650909,0.0407769205935587,17
whole day,0,0.0,0.0124532414541189,0.0,2
door dash,0,0.0025053283247366,0.0191772850963745,0.0154562253804211,28
ad be,0,0.0042119601233884,0.0,0.0692438897042867,5
payment method,0,0.0,0.0118273213064116,0.0346153470972595,5
past month,0,0.02187212898729,0.0,0.0,1
specialized team,0,0.0017524556874462,0.0,0.0576201316149025,3
customer service,0,0.0173411014314865,0.0068076413214591,0.0263048426937598,115
follow simple,0,0.0,0.0058554192739571,0.0,3
ur food,0,0.0074916037792258,0.0058560507818605,0.0277876056018587,31
few year,0,0.0,0.0284405851623426,0.0,1
customer service,0,0.0171427298826613,0.0067297660862487,0.0260039314507582,115
grub hub,0,0.0061608075697151,0.0061571289116107,0.0402077595541136,17
same exact,0,0.0086484769942711,0.0072902281903874,0.0,3
credit card,0,0.0044323444574018,0.0069221110232429,0.0266586474686697,16
inedible food,0,0.0103470682321734,0.0,0.0,1
customer service,0,0.017064412666317,0.0066990208927975,0.0258851314965403,115
customer service,0,0.0170348597593375,0.0066874192311892,0.0258403024773278,115
uber eats,0,0.0091831524524904,0.0137176372326607,0.0193391583461921,109
second time,0,0.0051226433225963,0.0,0.0561435750945817,6
be true,0,0.0,0.0307259816195467,0.0,1
uber eats,0,0.0091305642735213,0.0136390819036975,0.0192284108522915,109
gift card,0,0.0070483199637329,0.0047051224909129,0.0419179356579955,14
many time,0,0.0,0.0421419803317662,0.0,7
multiple time,0,0.008225957963596,0.0022769680625224,0.0228614457306393,11
timely manner,0,0.0012128542768783,0.0200165463467113,0.0139573790048876,6
multiple time,0,0.0082163146748406,0.0022742987733514,0.0228346452627152,11
phone number,0,0.0,0.0062292107441131,0.0278908658432779,3
be hard,0,0.0,0.0052471279501205,0.0,1
only reason,0,0.0,0.0105678915646365,0.0238522871577541,7
credit card,0,0.0043282865609772,0.0067596010200565,0.026032783932166,16
get refunded,0,0.0,0.0096706933204339,0.0416128611981295,2
credit card,0,0.0043213884601688,0.0067488280713146,0.0259912948197055,16
lunch break,0,0.0,0.0045727415495357,0.0550940443103821,3
uber eats,0,0.0089871717589733,0.0134248845998169,0.0189264349721295,109
timely manner,0,0.0011951125531246,0.0197237427984549,0.0137532094130808,6
door dash,0,0.0023885178198354,0.0182831474567586,0.0147355815140151,28
uber eats,0,0.0089858920737138,0.0134229730277013,0.01892374003311,109
customer service,0,0.016511459985755,0.0064819468198571,0.0250463535598132,115
delivery fee,0,0.0017839140286254,0.0048249929119385,0.0322024545769028,23
support system,0,0.0500584153914344,0.0,0.0,1
double check,0,0.0,0.0092573616879492,0.0410807861748692,6
least get,0,0.0298773893068407,0.0,0.0,1
delivery fee,0,0.00177454991022,0.0047996655675667,0.0320334175085444,23
customer service,0,0.0164247880588171,0.006447921795924,0.0249148802844234,115
most part,0,0.0,0.0432296097743381,0.0,2
missing item,0,0.0139010837070892,0.0012706477534598,0.004090250616036,20
customer service,0,0.0163916247707296,0.0064349027976077,0.0248645746518893,115
door dash,0,0.0023625627859379,0.0180844720656633,0.0145754560527269,28
door dash,0,0.0023587927448863,0.0180556139110823,0.0145521973829504,28
be great,2,0.0,0.0806506671456415,0.0,3
make thing,0,0.0,0.0537671114304277,0.0,1
uber eats,0,0.0088068296079975,0.0131554925563283,0.0185466454137771,109
fix issue,0,0.0230045501840816,0.0017857078175556,0.0,2
full refund,0,0.0028037380231773,0.0156852156874627,0.0,7
re open,0,0.0032557043895856,0.0034014733302788,0.0133808029949773,6
customer service,0,0.0161000889120927,0.0063204538068221,0.0244223417907684,115
gift card,0,0.0067287711229716,0.0044918069142439,0.0400175072132682,14
estimated delivery,0,0.0053551976896002,0.0166513180092941,0.0160070028853072,5
have problem,0,0.001217090384,0.0,0.0,1
uber eats,0,0.0087166129710673,0.013020728475675,0.0183566546849854,109
google map,0,0.0048679945532426,0.0318830990182695,0.0,2
one accept,0,0.0024279399393982,0.0053006255896953,0.0,2
mark deliver,0,0.0,0.01445625156971,0.0,1
customer service,0,0.0160128983047051,0.0062862251631549,0.0242900817252376,115
dinner time,2,0.0,0.1057630866017455,0.0,1
other fee,0,0.0133962104163476,0.0,0.0,1
delivery driver,0,0.0040350031442424,0.0187394240835838,0.0289460718036311,11
customer service,0,0.0159260217520205,0.0062521198087599,0.0241582980515665,115
next order,0,0.004828352023888,0.0038650894139026,0.0317509060106303,5
company do,0,0.0096442096463111,0.0077703080950077,0.026424854045427,3
real person,0,0.0,0.0131204243199055,0.0,4
whole meal,0,0.0200353350570146,0.0,0.0,1
delivery service,0,0.0122687391345959,0.0176354388136345,0.0,9
elderly mother,0,0.0120166722372269,0.0,0.0,1
payment method,0,0.0,0.0107477762690024,0.031455812895987,5
dash pas,0,0.0088647361700689,0.0105257175878498,0.0138775645129354,17
uber eats,0,0.0085481927031618,0.0127691451387209,0.0180019718844347,109
bad luck,0,0.025452123586376,0.0,0.0,2
first order,0,0.0066811824455994,0.0189149432566482,0.0,5
incomplete order,0,0.0127025679756267,0.0,0.0,1
only solution,0,0.0095269260055373,0.0,0.0,1
time pass,0,0.0,0.0162492010448347,0.0,1
customer service,0,0.0157119893126496,0.0061680965369884,0.0238336306899656,115
someone elses,0,0.0,0.0284906363035748,0.0,1
uber eats,0,0.0084904867956642,0.0126829450337648,0.0178804467667391,109
uber eats,0,0.0084562061723526,0.0126317372206383,0.0178082538672027,109
first order,0,0.0065810662965723,0.0186315067102974,0.0,5
uber eats,0,0.0084165318425278,0.0125724723802907,0.0177247021510867,109
arrival time,0,0.0007823124496767,0.0102475649976456,0.0257221604159586,3
extra fee,0,0.0,0.0124873221455565,0.0257221604159586,6
order arrives,0,0.0,0.0529457525219946,0.0,1
customer service,0,0.0154194159959961,0.0060532402686092,0.0233898241012453,115
re order,0,0.0045016231049429,0.0036449426913874,0.0341565685288026,9
delivery fee,0,0.0016659285449136,0.0045058748863576,0.0300726309873154,23
uber eats,0,0.0083629217324132,0.0124923905079315,0.0176118025325922,109
missing item,0,0.0129714088756209,0.0011856695416208,0.0038167033781191,20
star review,0,0.0,0.0019006916269629,0.0381670337811915,2
different place,0,0.0032336854982417,0.0,0.0572505506717873,4
next order,0,0.0046169684507241,0.0036958771429525,0.0303608623828019,5
other person,0,0.0040398473943836,0.0,0.0379510779785024,2
luck next,0,0.0,0.0251578745139339,0.0,1
be able,0,0.0019205848885604,0.0269805368614364,0.0,8
debit card,0,0.0136522494691014,0.0034903567580453,0.0,8
get food,0,0.0142339242650813,0.0092262780573369,0.012600174024218,6
full refund,0,0.0026278014015714,0.0147009568749774,0.0,7
menu option,0,0.0099459102735372,0.0066811367929769,0.0,2
multiple time,0,0.007395540385152,0.0020471061652161,0.0205535629907342,11
customer service,0,0.0150578532037533,0.0059113006222436,0.0228413668759969,115
ur food,0,0.0064810078985963,0.0050660863134624,0.0240391372389607,31
order direct,0,0.0,0.0115310882588552,0.0,1
full refund,0,0.0025747735379043,0.0144042981029428,0.0,7
last night,0,0.0084109268964954,0.0004372036236847,0.0444452692171207,5
customer service,0,0.0148336373677037,0.0058232796279344,0.0225012522460216,115
only way,0,0.0039350235172368,0.0,0.0,1
delivery driver,0,0.0037443776003224,0.017389696432241,0.0268611991129415,11
customer service,0,0.0147648014164582,0.0057962565193993,0.0223968344916856,115
contact support,0,0.0024177548929165,0.0103562008041156,0.0327064884640488,9
missing item,0,0.012402308277994,0.0011336501155743,0.0036492513924266,20
own food,0,0.0,0.0226153101545559,0.0,2
exact same,0,0.0,0.005279897112186,0.0,3
dash pas,0,0.0082273253389667,0.0097688753912064,0.0128797107967998,17
gift card,0,0.0061229388589783,0.0040873821682473,0.0364144872039209,14
dash pas,0,0.0081058325961995,0.0096246186107668,0.0126895163743987,17
delivery apps,0,0.0040074919919358,0.0130904634284653,0.0119786307800249,6
be hot,0,0.0,0.023861097885259,0.0,1
missing item,0,0.0122131354384452,0.0011163585109301,0.0035935892340074,20
gift card,0,0.0059745549148261,0.0039883281189826,0.0355320146919384,14
uber eats,0,0.0077220248601386,0.0115350296405285,0.0162621128524283,109
many time,0,0.0,0.0352582273731355,0.0,7
support person,0,0.0056880340316664,0.0116418675288655,0.0,2
free trial,0,0.007568451500109,0.0186250652983604,0.0,2
uber eats,0,0.0076373652259111,0.0114085665161722,0.0160838248320208,109
customer service,0,0.0140697699780264,0.0055234062187033,0.0213425362553597,115
only reason,0,0.0,0.0087820203992527,0.0198214819963886,7
timely manner,0,0.0010047491989409,0.0165820488832225,0.01156253116456,6
dash pas,0,0.0077949772398552,0.0092555184335278,0.0122028786246566,17
re order,0,0.0040504412535563,0.0032796229048658,0.0307331757954316,9
multiple item,0,0.0,0.0228578430652497,0.0,1
ur food,0,0.0059877717026884,0.0046805325260747,0.0222096420755277,31
customer service,0,0.0138095065414545,0.0054212339240383,0.0209477407583718,115
delivery fee,0,0.0014919923779574,0.0040354257732127,0.026932809546478,23
right address,0,0.0,0.0114579799177853,0.0,2
delivery driver,0,0.0034889001078468,0.0162032039056757,0.0250284694775351,11
customer service,0,0.0136794540913306,0.0053701788952146,0.0207504632523284,115
uber eats,0,0.0074203922760412,0.0110844560071706,0.0156268930478558,109
countless time,0,0.0,0.0007539974334114,0.0454221691257677,3
other apps,0,0.0059649792783062,0.0007539974394434,0.0,5
be able,0,0.0017268343664979,0.0242587133515433,0.0,8
negative rating,0,0.0082888049426126,0.0,0.0,1
full amount,0,0.0,0.0204175237882377,0.0,7
delivery guy,0,0.0122854296177103,0.0,0.033661719979048,2
owe money,0,0.0,0.0178808548913762,0.0,1
promo code,0,0.0,0.0130808964790964,0.0224411466526987,3
calculate tip,0,0.0,0.0399126224870773,0.0,1
dash pas,0,0.0075886531483644,0.0090105354947309,0.0118798824479735,17
next thing,0,0.0008460875340813,0.0,0.0,1
customer service,0,0.0133956841330873,0.0052587785841583,0.0203200105419111,115
use grubhub,0,0.0262380309524601,0.0,0.0,2
order arrive,0,0.0,0.0008716871383723,0.0,1
customer service,0,0.0131698196309492,0.0051701103687119,0.0199773950383735,115
service fee,0,0.0028096551553033,0.0139467287185356,0.0,3
pick ups,0,0.0,0.0174334108981695,0.0,1
credit towards,0,0.0041883868556159,0.0058111369515286,0.0,2
take responsibility,0,0.0119163683006789,0.0,0.0,1
regular basis,0,0.0,0.0107523937393843,0.0,1
only reason,0,0.0,0.008192757094394,0.0184914837206634,7
door dash,0,0.0018733243722004,0.0143395479183155,0.0115571773254146,28
ur food,0,0.0055751797383754,0.0043580168716958,0.0206792697925437,31
app crash,0,0.0093993951599035,0.0,0.0319968389759574,4
uber eats,0,0.0069610480654873,0.0103982954236564,0.01465954218776,109
few month,0,0.0233231884928324,0.0,0.0,2
second time,0,0.0038871980821387,0.0,0.0426032389312353,6
uber eats,0,0.0069598777685924,0.0103965472540227,0.0146570776139571,109
be nice,0,0.0,0.037576097817245,0.0,6
app crash,0,0.0093863493384618,0.0,0.0319524291984265,4
final straw,0,0.0266863240270467,0.0,0.0,2
food arrive,0,0.0165201053373688,0.0,0.0,2
uber eats,0,0.0068258329520441,0.0101963133827197,0.0143747874150166,109
loyal customer,0,0.002399554921883,0.01404423711601,0.0,8
eat dinner,0,0.0227806496417987,0.0,0.0,1
uber eats,0,0.0067749210913427,0.0101202621095262,0.0142675701450325,109
star rating,0,0.0,0.0206523035079883,0.0,1
uber eats,0,0.0067501153473519,0.0100832077102759,0.0142153307628145,109
small percentage,0,0.0056550638469937,0.0048698159138488,0.0,2
quality control,0,0.0056550638469937,0.0,0.0309894210629356,2
dash pas,0,0.0069866397716562,0.008295723156747,0.0109374427280949,17
only thing,0,0.0031417021372187,0.0049288106061549,0.0103298070209785,6
app crash,0,0.0091034559559474,0.0,0.0309894210629356,4
customer service,0,0.0123968808448266,0.0048666757777687,0.0188049185805665,115
client do,0,0.0523714337181323,0.0,0.0,1
customer service,0,0.012338853452822,0.0048438958134656,0.0187168964082356,115
uber eats,0,0.0066977875569658,0.0100050413453573,0.0141051316313702,109
someone el,0,0.0022787106481653,0.0091928299724108,0.0061367223792229,10
credit card,0,0.0031884667367465,0.0049795138797977,0.0191772574350716,16
specialized team,0,0.0012442797027519,0.0,0.0409114825281529,3
complete opposite,0,0.0,0.0064264733218415,0.0,2
uber eats,0,0.0066385384819498,0.0099165360829602,0.0139803566971058,109
be nice,0,0.0,0.0350734932138205,0.0,6
first time,0,0.0002116122882018,0.0128560599275063,0.0,16
customer service,0,0.0117556227121097,0.0046149354036493,0.0178321894621851,115
real person,0,0.0,0.0095737463794661,0.0,4
app crash,0,0.0084863116639529,0.0,0.0288885766788082,4
poor service,0,0.0096310477188424,0.0,0.0,3
uber eats,0,0.00625684405093,0.0093463674218665,0.0131765315314515,109
delivery fee,0,0.0012453379211937,0.0033682938450559,0.0224803085780069,23
company do,0,0.0069890860166456,0.0056310836909916,0.0191498924923763,3
customer service,0,0.011440220658395,0.0044911171985471,0.0173537537964327,115
dash pas,0,0.0064275893260373,0.0076319236939028,0.0100622606046542,17
door dash,0,0.001647021798586,0.0126072923375219,0.0101610395228693,28
uber eats,0,0.006197177040817,0.0092572378551167,0.0130508764513918,109
uber eats,0,0.0061513479057329,0.0091887790711617,0.0129543630912089,109
make sure,0,0.0,0.0256843658403414,0.0,7
someone el,0,0.002097274420334,0.0084608755249995,0.0056481023077671,10
dash pas,0,0.0063668914849503,0.0075598529270783,0.0099672393666478,17
fix issue,0,0.0161044771838776,0.0012500957669146,0.0,2
re open,0,0.0022904145442702,0.0023929641808202,0.0094135038462785,6
do anything,0,0.0064531520587491,0.0051395306829903,0.018827007692557,18
be miss,0,0.0136625322311041,0.0,0.0,1
wrong order,0,0.0200559556046367,0.0,0.0,2
whole hour,0,0.0,0.0104628540864508,0.0,1
someone el,0,0.0019770827969307,0.0079759955517812,0.0053244181112992,10
be deliver,0,0.0012273764200827,0.0055387370028569,0.021297672445197,10
different location,0,0.0013494714744399,0.0,0.0266220905564962,2
door dash,0,0.0015411514938223,0.0117968975490832,0.0095078894844629,28
dollar coupon,0,0.0053641490679858,0.0353536404588118,0.0,2
extra fee,0,0.0,0.0085211048561479,0.0175523001229718,6
right address,0,0.0,0.0087658969537055,0.0,2
menu price,0,0.0,0.0026222768635047,0.0263284501844577,2
ur food,0,0.0045377361650486,0.0035470660489143,0.0168312188678904,31
uber eats,0,0.0056634165241792,0.0084599154569277,0.011926809394506,109
real person,0,0.0,0.0086166121637877,0.0,4
customer service,0,0.0103348277207824,0.0040571702160978,0.0156769752219243,115
grub hub,0,0.0037141625219386,0.0037119447714395,0.0242400289145721,17
delivery fee,0,0.0011165847339021,0.0030200521663075,0.020156110999617,23
most part,0,0.0,0.027219251734002,0.0,2
uber eats,0,0.0055714218007829,0.0083224953008975,0.0117330741241857,109
push notification,0,0.0,0.016417500556996,0.0,2
ur food,0,0.0044489782611911,0.0034776856054741,0.0165020010262741,31
make sure,0,0.0,0.0232629397613484,0.0,7
missing item,0,0.0085382462723724,0.0007804501917317,0.0025122909703528,20
customer service,0,0.0100811739048575,0.0039575926774128,0.0152922059064955,115
error message,0,0.0059164164340456,0.0,0.0243162135325555,2
debit card,0,0.0087821806442865,0.0022452668793912,0.0,8
single thing,0,0.005282514656351,0.0,0.0,1
other delivery,0,0.0069517893100036,0.0060546522590326,0.0,2
get food,0,0.0089885597107273,0.0058262886384461,0.0079568651956427,6
delivery service,0,0.0074122792235035,0.0106546235339754,0.0,9
second time,0,0.0029039962128946,0.0,0.0318274607825709,6
different place,0,0.0020224259298316,0.0,0.0358058933803922,4
food bag,0,0.0,0.0109427728664656,0.0,1
main reason,0,0.0,0.0052604713020159,0.0,1
re order,0,0.0027580982396788,0.0022332189493622,0.0209273787113177,9
other time,0,0.0054101223240013,0.0111622908260309,0.0,2
love uber,0,0.0,0.0002307450486696,0.0,1
extra fee,0,0.0,0.0075917999263543,0.0156380602082118,6
customer service,0,0.0094127236666067,0.0036951774276528,0.0142782288857586,115
uber eats,0,0.0051094231479779,0.0076323695566126,0.0107601331707879,109
message say,0,0.0,0.0281694741441367,0.0,1
dash pas,0,0.005217112542968,0.0061946404492806,0.008167283774416,17
contact support,0,0.0015118989703784,0.006476061481107,0.0204524066431895,9
credit card,0,0.0023909602233315,0.0037340266031039,0.0143805984209926,16
full time,0,0.0,0.0147684757134403,0.0,2
only thing,0,0.0021423034387847,0.003360919479156,0.0070438189670699,6
extra fee,0,0.0,0.0068391173334113,0.0140876379341399,6
go get,0,0.0,0.0011316742644028,0.02817527586828,3
be complete,0,0.0,0.0336746174642077,0.0,1
credit card,0,0.0021561855412526,0.0033673726955804,0.0129685295837753,16
first time,0,0.0001498811901357,0.0091057167746009,0.0,16
grub hub,0,0.0029621536473983,0.0029603849262691,0.0193321346705266,17
live activity,0,0.0,0.0112673679846836,0.0,1
ur food,0,0.0035727343563079,0.0027927416394676,0.0132518665080223,31
customer service,0,0.0082423285054231,0.0032357123531194,0.0125028479662645,115
delivery driver,0,0.0020812589702854,0.0096658151376148,0.0149304150312241,11
menu price,0,0.0,0.0020446916637261,0.0205293206679332,2
door dash,0,0.0011884413490143,0.0090970426292381,0.0073319002385475,28
customer service,0,0.0082378854298455,0.0032339681233762,0.012496108232655,115
only thing,0,0.002081258971799,0.0032651508151691,0.006843106889311,6
inflated price,0,0.0024243746736692,0.0,0.0,2
only problem,0,0.0,0.005580167699413,0.0204975240809764,2
free trial,0,0.0044244838006423,0.0108881320964156,0.0,2
uber eats,0,0.004464770464757,0.0066693983225799,0.0094025339820992,109
grub hub,0,0.0029559714588053,0.002954206429101,0.0192917873703307,17
many time,0,0.0,0.0206096786110725,0.0,7
ice cream,0,0.0,0.0008408508440612,0.0253271878364929,3
be deliver,0,0.0008757574768089,0.003951998965406,0.0151963127018957,10
delivery time,0,0.0056488650080731,0.0015043794044256,0.0126635939182464,6
delivery option,0,0.0052820555811602,0.0,0.0,1
delivery fee,0,0.0008235270109881,0.0022274122670974,0.0148659580779415,23
full refund,0,0.0013205138985913,0.0073874752728235,0.0,7
arrival time,0,0.0003851498870891,0.0050451050643672,0.0126635939182464,3
past couple,0,0.0150208455964766,0.0,0.0,1
priority delivery,0,0.0063549731369708,0.0025225525321836,0.0094976954386848,4
